"abr","long_form"
"ā","before"
"ā","before"
"A","adenosine"
"A","apical"
"a.a.","of each"
"a.a.","amino acids"
"A1C","glycosylated hemoglobin"
"Aa.","arteria"
"AAA","abdominal aortic aneurysm"
"AAD","antibiotic-associated diarrhea"
"AAI","acute arterial insufficiency"
"AAPMC","antibiotic-associated pseudomembranous colitis"
"AAT","activity as tolerated"
"AAT","atypical antibody test"
"AAL","anterior axillary line"
"AAOx3","awake, alert, and oriented, times 3"
"A/B","acid-base ratio"
"ab","abdomen"
"ab","abdominal"
"ab","abortion"
"Ab","antibody"
"AB","abortion"
"ABC","airway, breathing, circulation"
"ABC","aspiration biopsy cytology"
"ABCD","airway, breathing, circulation, disability"
"ABCD","asymmetry, borders, color, diameter"
"ABCD","ABCD rating"
"ABCs","airway, breathing, circulation, etc."
"ABCDs","airway, breathing, circulation, etc."
"ABCDEs","airway, breathing, circulation, etc."
"ACA","acinic cell carcinoma"
"ACA","Affordable Care Act"
"Abd","abdomen"
"Abd","abdominal"
"Abd","abduction"
"ABD","army battle dressing"
"ABE","acute bacterial endocarditis"
"ABG","arterial blood gas"
"ABI","acquired brain injury"
"ABI","ankle brachial pressure index"
"ABMT","autologous bone marrow transplantation"
"Abn","abnormal"
"ABO","Landsteiner's blood grouping system"
"ABPA","allergic broncho-pulmonary aspergillosis"
"ABPI","ankle brachial pressure index"
"ABVD","Doxorubicin, bleomycin, vinblastine, dacarbazine"
"ABX","antibiotics"
"a.c.","before a meal"
"AC","before a meal"
"AC","abdominal circumference"
"AC","assisted controlled ventilation"
"AC","acromioclavicular joint"
"ACB","aortocoronary bypass"
"AC&BC","air conduction and bone conduction"
"Acc","accommodation"
"ACCU","acute coronary care unit"
"ACD","anemia of chronic disease"
"ACDF","anterior cervical discectomy and fusion"
"Ace","acetone"
"ACE","angiotensin-converting enzyme"
"ACEI","angiotensin-converting enzyme inhibitor"
"ACh","acetylcholine"
"AChE","acetylcholine esterase"
"ACL","anterior cruciate ligament"
"ACLS","advanced cardiac life support"
"ACS","altered conscious state"
"ACS","acute coronary syndrome"
"ACS","acute chest syndrome"
"ACTH","adrenocorticotropic hormone"
"ACP","Advance care planning"
"ACPO","acute colonic pseudo-obstruction"
"ACU","ambulatory care unit"
"ad.","right ear"
"AD","Alzheimer's disease"
"AD","acute distress"
"AD","right ear"
"AD","as directed"
"ADA","adenosine deaminase"
"ADA","American Dental Association"
"ADC","AIDS dementia complex"
"ADCC","antibody-dependent cell-mediated cytotoxicity"
"ADD","attention deficit disorder"
"ADH","antidiuretic hormone"
"ADHD","attention deficit hyperactivity disorder"
"ADHF","acute decompensated heart failure"
"ADHR","autosomal dominant hypophosphatemic rickets"
"ADLs","activities of daily living"
"ad lib","as desired"
"adm","admission"
"Adn","adnexae"
"ADP","adenosine diphosphate"
"ad part. dolent","to the painful parts"
"ADR","adverse drug reaction"
"AEB","as evidenced by"
"AED","automated external defibrillator"
"AED","antiepileptic drug"
"AEM","ambulatory electrocardiogram monitoring"
"AF","atrial fibrillation"
"AF","atrial flutter"
"AF","amniotic fluid"
"AF-AFP","amniotic fluid alpha fetoprotein"
"AFB","acid-fast bacilli"
"AFI","amniotic fluid index"
"AFib","atrial fibrillation"
"AFL","atrial flutter"
"AFNTR","acute febrile nonhemolytic transfusion reaction"
"AFO","ankle-foot orthosis"
"AFP","alpha-fetoprotein"
"AFSOF","anterior fontanelle soft, open, flat"
"Ag","antigen"
"AGA","anti-gliadin antibodies"
"AGA","appropriate gestational age"
"AGC","atypical glandular cells"
"AGES","age, grade, extent, size"
"AGN","acute glomerulonephritis"
"AH","auditory hallucinations"
"a.h.","every other hour"
"AHD","arteriosclerotic heart disease"
"AHF","antihemophilic factor"
"AHG","antihemophilic globulin"
"AHH","aryl hydrocarbon hydroxylase"
"AHR","airway hyper-reactivity"
"AHT","antihyaluronic acid test"
"AI","artificial insemination"
"AI","aortic insufficiency"
"AICD","automated implantable cardioverter-defibrillator"
"AID","artificial insemination by donor"
"AIDS","acquired immune deficiency syndrome"
"AIH","artificial insemination by husband"
"AIHD","artificial insemination by pooled husband and donor semen"
"AIPD","acute infectious and parasitical diseases"
"AIPD","autoimmune progesterone dermatitis"
"AIPD","acute inflammatory demyelinating polyneuropathy"
"AIIRB","angiotensin II receptor antagonist"
"AIN","allergic interstitial nephritis"
"AIR","anterior interval release"
"AIR","acute inpatient rehabilitation"
"AIS","adenocarcinoma in situ"
"AIS","androgen insensitivity syndrome"
"AK","acanthamoeba keratitis"
"aka","also known as"
"AKA","above-knee amputation"
"AKA","also known as"
"ALA","aminolevulinic acid"
"Alc","alcohol"
"ALCAPA","anomalous left coronary artery from the pulmonary artery"
"ALF","assisted living facility"
"ALG","antilymphocytic globulin"
"ALI","acute limb injury"
"ALI","acute lung injury"
"Alk phos","alkaline phosphatase"
"ALL","acute lymphoblastic leukemia"
"ALL","allergies"
"ALP","alkaline phosphatase"
"ALPS","autoimmune lymphoproliferative syndrome"
"ALS","amyotrophic lateral sclerosis"
"ALS","advanced life support"
"ALT","alanine transaminase"
"altern. d.","every other day"
"AMA","advanced maternal age"
"AMA","against medical advice"
"AMA","antimitochondrial antibody"
"AMA","American Medical Association"
"Amb","ambulate"
"AMC","arthrogryposis multiplex congenita"
"AMI","acute mesenteric ischemia"
"AMI","acute myocardial infarction"
"AML","acute myeloid leukemia"
"AMO","advanced medical optics"
"AMP","adenosine monophosphate"
"Amp","ampule"
"Amp","ampere"
"AMPA receptor","alpha-amino-3-hydroxy-5-methyl-4-isoxazolepropionic acid receptor"
"AMS","acute mountain sickness"
"AMS","atypical measles syndrome"
"AMS","altered mental status"
"Amt","amount"
"ANA","antinuclear antibody"
"ANCA","antineutrophil cytoplasmic antibody"
"ANDI","aberrations of normal development and involution"
"ANF","atrial natriuretic factor"
"ANP","atrial natriuretic peptide"
"ANS","autonomic nervous system"
"Ant","anterior"
"Anti-","refers to an antibody to the suffixed antigen"
"ANTR","asymmetrical tonic neck reflex"
"ANUG","acute necrotizing ulcerative gingivitis"
"A&O","alert and oriented"
"A&O","aware and oriented"
"A/O","alert and oriented"
"A/O","aware and oriented"
"A&Ox3","alert and oriented, times 3"
"A&Ox4","alert and oriented, times 4"
"AODM","adult-onset diabetes mellitus"
"AOM","acute otitis media"
"a.p.","before a meal"
"AP","alkaline phosphatase"
"AP","anteroposterior"
"AP","angina pectoris"
"AP","action potential"
"AP","angina pectoris"
"AP","area postrema"
"A&P","auscultation and percussion"
"A&P","anatomy and physiology"
"A/P","anatomy and physiology"
"A/P","assessment and plan"
"APACHE II","Acute Physiology and Chronic Health Evaluation II"
"APAP","paracetamol"
"APAP","automatic positive airway pressure"
"APC","atrial premature contraction"
"APC","antigen-presenting cell"
"APC","activated protein C"
"APD","adult polycystic disease"
"APD","automated peritoneal dialysis"
"APKD","adult polycystic kidney disease"
"APECED","autoimmune polyendocrinopathy-candidiasis-ectodermal dystrophy"
"APGAR","appearance, pulse, grimace, activity, respiration"
"APH","antepartum haemorrhage"
"APLS","antiphospholipid syndrome"
"APMPPE","acute posterior multifocal placoid pigment epitheliopathy"
"applic.","applicandus"
"appy","appendectomy"
"APP","as per protocol"
"APR","abdominoperineal resection"
"APS","autoimmune polyendocrine/polyglandular syndrome"
"APS","antiphospholipid syndrome"
"APSAC","anisoylated plasminogen streptokinase activator complex"
"aPTT","activated partial thromboplastin time"
"aq.","water"
"aq. bull.","boiling water"
"aq. calid.","warm or hot water"
"aq. dist.","distilled water"
"aq. gel.","cold water"
"AR","aortic regurgitation"
"AR","attributable risk"
"ARB","angiotensin II receptor antagonist"
"ARBI","alcohol-related brain injury"
"ARC","AIDS-related complex"
"ARD","absolute risk difference"
"ARD","alcohol-related dementia"
"ARDS","acute respiratory distress syndrome"
"ARF","acute renal failure"
"Arg","arginine"
"ARM","artificial rupture of membranes"
"ARMD","age-related macular degeneration"
"ARMS","alveolar rhabdomyosarcoma"
"AROM","active range of motion"
"AROM","artificial rupture of membranes"
"ART","antiretroviral therapy"
"ART","assuming room temperature"
"ART","assisted reproductive technology"
"ARVC","arrhythmogenic right ventricular cardiomyopathy"
"ARVD","arrhythmogenic right ventricular dysplasia"
"AS","aortic stenosis"
"AS","atherosclerosis"
"AS","ankylosing spondylitis"
"ASA","acetylsalicylic acid"
"ASA","American Society of Anesthesiologists"
"ASAP","as soon as possible"
"ASB","asymptomatic bacteriuria"
"ASC","ambulatory surgery center"
"ASC","atypical squamous cells"
"ASCA","anti–Saccharomyces cerevisiae antibodies"
"ASC-H","atypical squamous cells—cannot exclude HSIL"
"ASCAD","arteriosclerotic coronary artery disease"
"ASCUS","atypical squamous cells of undetermined significance"
"ASC-US","atypical squamous cells of undetermined significance"
"ASCVD","arteriosclerotic vascular disease"
"ASD","atrial septal defect"
"ASGUS","atypical squamous glandular cells of undetermined significance"
"ASH","arteriosclerotic heart disease"
"ASHD","arteriosclerotic heart disease"
"ASH","alcoholic steatohepatitis"
"ASIS","anterior superior iliac spine"
"ASO","antistreptolysin-O"
"ASOT","antistreptolysin-O titre"
"ASPECTS","Alberta Stroke Program Early CT Score"
"Ass","assessment"
"AST","aspartate transaminase"
"ASX","asymptomatic"
"A-T","ataxia-telangiectasia"
"AT","antithrombin"
"AT","angiotensin"
"AT-III","antithrombin III"
"ATA","antitransglutaminase antibodies"
"ATB","antibiotic"
"ATCC","ATCC"
"ATG","anti-thymocyte globulin"
"ATLS","Advanced trauma life support"
"ATN","acute tubular necrosis"
"ATNR","asymmetrical tonic neck reflex"
"ATP","acute thrombocytopenic purpura"
"ATP","adenosine triphosphate"
"ATP","antitachycardia pacing"
"Atp","atypical"
"ATRA","all-trans retinoic acid"
"ATS","antitetanus serum"
"AUC","area under the curve"
"aur.","ear"
"aur. dextro.","to right ear"
"aur. laev","to left ear"
"aurist.","ear drops"
"AV","arteriovenous"
"AV","atrioventricular"
"AVF","arteriovenous fistula"
"AVM","arteriovenous malformation"
"AVN","avascular necrosis"
"AVN","atrioventricular node"
"AVR","aortic valve replacement"
"A&W","alive and well"
"A/W","alive and well"
"Ax","axillary"
"AXR","abdominal x-ray"
"AYA","adolescents and young adults"
"AZT","azidothymidine"
"Ba","barium"
"BAC","blood alcohol content"
"BAD","Bipolar affective disorder"
"BAL","bronchoalveolar lavage"
"BAL","British anti-Lewisite"
"BAL","blood alcohol level"
"BAO","basic acid output"
"BAT","brown adipose tissue"
"BAV","bicuspid aortic valve"
"BBA","bilateral breast augmentation"
"BBB","blood–brain barrier"
"BBB L","left bundle branch block"
"BBB R","right bundle branch block"
"BBT","basal body temperature"
"BC","bone conduction"
"BC","blood culture"
"BCC","basal cell carcinoma"
"BCC","blind carbon copy"
"BCG","bacille Calmette–Guérin"
"BCP","birth control pill"
"BCP","Blood chemistry profile"
"BCX","blood culture"
"BCx","blood culture"
"BDR","Background Diabetic Retinopathy"
"BBMF","bone break, me fix"
"BD","bipolar disorder"
"BD","twice a day"
"BDD","body dysmorphic disorder"
"BDI","Beck Depression Inventory"
"BE","barium enema"
"BE","base excess"
"BEP","bleomycin, etoposide, and cisplatin"
"BFP","bundle forming pilus"
"BG","blood glucose"
"BGAT","blood glucose awareness training"
"BGL","blood glucose level"
"BIB","brought in by"
"BIBA","brought in by ambulance"
"BID","twice a day"
"bid","twice a day"
"b.i.d.","twice a day"
"Bilat eq","bilaterally equal"
"BiPAP","bilevel positive airway pressure"
"BIS","Bispectral index"
"BiVAD","bilateral ventricular assist device"
"BK","bradykinin"
"BKA","below-the-knee amputation"
"b/l","bilateral"
"BL","Burkitt's lymphoma"
"bl.cult","blood culture"
"bld","blood"
"BLE","Bilateral Lower Extremity"
"BLS","basic life support"
"BM","bone marrow"
"BM","bowel movement"
"BM","breast milk"
"BMBx","Bone marrow biopsy"
"BMC","bone mineral content"
"BMD","bone mineral density"
"BMI","body mass index"
"BMP","basic metabolic panel"
"BMR","basal metabolic rate"
"BMT","bone marrow transplantation"
"BNO","bowel not open"
"BNP","brain natriuretic peptide"
"BO","bowel open"
"B/O","because of"
"BOA","born out of asepsis"
"BOI","born on island"
"BOM","bilateral otitis media"
"BOOP","bronchiolitis obliterans organizing pneumonia"
"BP","blood pressure"
"BP","bipolar disorder"
"BP","British Pharmacopoeia"
"BPAD","bipolar affective disorder"
"BPCA","best pharmaceuticals for children act"
"BPD","biparietal diameter"
"BPD","borderline personality disorder"
"BPD","bronchopulmonary dysplasia"
"BPH","benign prostatic hyperplasia aka benign prostatic hypertrophy"
"BPM","beats per minute"
"BPP","biophysical profile"
"BPPV","benign paroxysmal positional vertigo"
"BR","bedrest"
"BR","bathroom"
"BRA","bilateral renal agenesis"
"BRAT","bananas, rice, applesauce, toast"
"BRATY","bananas, rice, applesauce, toast, yogurt"
"BRB","bright red blood"
"BRBPR","bright red blood per rectum"
"BRCA1","breast cancer 1"
"BRCA2","breast cancer 2"
"BRP","bathroom privileges"
"BRTO","Balloon-Occluded Retrograde Transvenous Obliteration"
"BRVO","Branch retinal vein occlusion"
"BS","breath"
"BS","breath sound"
"BS","bowel sounds on auscultation with stethoscope"
"BS","blood sugar"
"BS x 4 quads","bowel signs in all 4 quadrants"
"BS + all 4 quads","bowel signs in all 4 quadrants"
"BSA","body surface area"
"BSA","bovine serum albumin"
"BSC","bedside commode"
"BSE","bovine spongiform encephalopathy"
"BSE","breast self-examination"
"BSL","blood sugar level"
"BSO","bilateral salpingo-oophorectomy"
"BSP","bromsulphthalein"
"BSU","Bartholin, Skene and urethra"
"BT","bleeding time"
"BT","brachytherapy"
"BTB","breakthrough bleeding"
"BTL","bilateral tubal ligation"
"BTP","breakthrough pain"
"BUN","blood urea nitrogen"
"BV","bacterial vaginosis"
"BVM","bag valve mask"
"BVP","biventricular pacing"
"BVP","bleomycin, vincristine, and cisplatin"
"BW","blood work"
"BW","birth weight"
"Bx","biopsy"
"BZDs","benzodiazepines"
"C","cytosine"
"C","cervical vertebrae"
"C1","atlas – first cervical vertebra of the spine"
"C2","axis – second cervical vertebra of the spine"
"CA","carcinoma"
"CA","cancer"
"Ca","calcium"
"Ca","carcinoma"
"Ca","cancer"
"CAA","coronary artery aneurysm"
"c/b","complicated by"
"CABG","coronary artery bypass graft surgery"
"CABP","coronary artery bypass procedure"
"CAD","coronary artery disease"
"CADASIL","cerebral autosomal dominant arteriopathy with subcortical infarcts and leukoencephalopathy"
"CAG","coronary artery graft"
"CAG","coronary angiography"
"CAGE","cut down, annoyed, guilty, eye opener"
"CAGS","coronary artery graft surgery"
"cAMP","cyclic adenosine monophosphate"
"CAH","chronic active hepatitis"
"CAH","congenital adrenal hyperplasia"
"CALLA","common acute lymphocytic leukemia antigen"
"CAM","cell adhesion molecule"
"CAM","complementary and alternative medicine"
"CAMP","cyclic adenosine monophosphate"
"CAP","community-acquired pneumonia"
"CAPD","continuous ambulatory peritoneal dialysis"
"CAO","conscious, alert, and oriented"
"CaOx","calcium oxalate"
"Caps","capsule"
"CAT","computed axial tomography"
"CT","computed tomography"
"Cath","catheter"
"CBA","cost–benefit analysis"
"CBC","complete blood count"
"CBC/DIFF","complete blood count/differential"
"CBD","common bile duct"
"CBE","clinical breast examination"
"CBF","cerebral blood flow"
"CBS","chronic brain syndrome"
"CC","cubic centimeter"
"CC","chief complaint"
"CC","cardiac catheter"
"CC","carbon copy"
"cc","cubic centimeter"
"cc","chief complaint"
"cc","cardiac catheter"
"cc","carbon copy"
"CCA","clear cell adenocarcinoma"
"CCB","calcium channel blocker"
"CCCU","critical coronary care unit"
"CCE","clubbing, cyanosis, and edema"
"C/C/E","clubbing, cyanosis, and edema"
"CCG","Clinical commissioning group"
"CCF","congestive cardiac failure"
"CCK","cholecystokinin"
"CCK-PZ","cholecystokinin-pancreozymin"
"CCNS","cell cycle–nonspecific"
"CCOC","clear cell odontogenic carcinoma"
"CCOT","calcifying cystic odontogenic tumor"
"CCP","cyclic citrullinated peptide"
"CCR","cardiocerebral resuscitation"
"CCU","coronary care unit"
"CCU","critical care unit"
"CD","Crohn's disease"
"CD","chemical dependency"
"CD","cluster of differentiation"
"CD","controlled delivery"
"CDAD","Clostridium difficile–associated diarrhea"
"CDC","Centers for Disease Control and Prevention"
"CDH","congenital dislocated hip"
"CDI","central diabetes insipidus"
"CDI","Clostridium difficile infection"
"CDI","cool, dry, intact"
"CDMR","caesarean delivery on maternal request"
"CDP","cytosine diphosphate"
"CDR","cutaneous drug reaction"
"CEA","carcinoembryonic antigen"
"CEA","carotid endarterectomy"
"CEA","cost-effectiveness analysis"
"CEIOL","cataract extraction with intraocular lens placement"
"CF","cystic fibrosis"
"CFA","complement-fixing antibody"
"CFA","colonization factor antigen"
"CFIDS","chronic fatigue immune dysfunction syndrome"
"CFR","case fatality rate"
"CFS","chronic fatigue syndrome"
"CFT","complement fixation test"
"CFT","capillary filling time"
"CFTR","cystic fibrosis transmembrane conductance regulator"
"CFU","colony-forming unit"
"CGD","chronic granulomatous disease"
"CGI","Clinical Global Impression"
"cGMP","cyclic guanosine monophosphate"
"CGN","chronic glomerulonephritis"
"CH","congenital hypothyroidism"
"CHD","chronic heart disease"
"CHD","congenital heart defect"
"CHD","coronary heart disease"
"ChE","cholinesterase"
"CHEM-7","a group of blood tests"
"CHEM-20","a group of blood tests"
"CHE","cholinesterase"
"CHF","congestive heart failure"
"CHO","carbohydrate"
"CHOP","cyclophosphamide, doxorubicin, vincristine, prednisone"
"Chol","cholesterol"
"CHS","cannulated hip screw"
"CHT","congenital hypothyroidism"
"CI","confidence interval"
"CI","cardiac index"
"CIB","cibus"
"CICU","cardiac intensive care unit"
"CIDP","chronic inflammatory demyelinating polyneuropathy"
"CIMF","chronic idiopathic myelofibrosis"
"CIN","cervical intraepithelial neoplasia"
"CINV","Chemotherapy-induced nausea and vomiting"
"Circ","circumcision"
"Circ","circulation"
"CIS","carcinoma in situ"
"CIVI","continuous intravenous infusion"
"CIWA","Clinical Institute Withdrawal Assessment for Alcohol"
"CJD","Creutzfeldt–Jakob disease"
"CK","creatine kinase"
"CKD","chronic kidney disease"
"CKMB","MB isoenzyme of creatine kinase"
"Cl","chlorine"
"Cl","clearance"
"CLARE","contact lens acute red eye"
"CLL","chronic lymphocytic leukemia"
"CLN","cervical lymph node"
"CLND","cervical lymph node dissection"
"CLND","complete lymph node dissection"
"CLP","cleft lip and palate"
"CLS","capillary leak syndrome"
"CM","Chirurgiae Magister"
"CM","Master of Surgery"
"CM","Caucasian male"
"CMD","cystic medial degeneration"
"CME","continuing medical education"
"CML","chronic myelogenous leukemia"
"CML","chronic myeloid leukaemia"
"CMML","chronic myelomonocytic leukemia"
"CMO","comfort measures only"
"CMP","complete metabolic profile"
"CMP","cytosine monophosphate"
"CMS","Centers for Medicare and Medicaid Services"
"CMS","chronic mountain sickness"
"CMT","cervical motion tenderness"
"CMV","cytomegalovirus"
"CN","cranial nerves"
"CNS","central nervous system"
"CNS","Clinical nurse specialist"
"CNS","Crigler-Najjar syndrome"
"CNVM","Choroidal Neovascular Membranes"
"C/O","complains of"
"c/o","complains of"
"CO","cardiac output"
"CO","carbon monoxide"
"CO","complains of"
"COAD","chronic obstructive airways disease"
"COCP","combined oral contraceptive pill"
"COH","controlled ovarian hyperstimulation"
"COLD","chronic obstructive lung disease"
"Comp","compound"
"Conj","conjunctiva"
"COP","cryptogenic organizing pneumonitis"
"COPD","chronic obstructive pulmonary disease"
"COX-1","cyclooxygenase 1"
"COX-2","cyclooxygenase 2"
"COX-3","cyclooxygenase 3"
"CP","cerebral palsy"
"CP","chest pain"
"CP","constrictive pericarditis"
"CPAP","continuous positive airway pressure"
"CPC","clinical–pathological conference"
"CPCR","cardiopulmonary-cerebral resuscitation"
"CPD","cephalopelvic disproportion"
"CPE","Clostridium perfringens enterotoxin"
"CPE","cardiogenic pulmonary edema"
"CPE","Carbapenemase producing Enterobacteriaceae"
"CPG","clinical practice guideline"
"CPK","creatine phosphokinase"
"CPKMB","creatine phosphokinase heart"
"CPP","cerebral perfusion pressure"
"CPPD","calcium pyrophosphate"
"CPR","cardiopulmonary resuscitation"
"CPT","Current Procedural Terminology"
"CR","complete remission"
"CR","controlled release"
"Cr","creatinine"
"CRC","colorectal cancer"
"CrCl","creatinine clearance"
"CRD","chronic renal disease"
"CRD","circadian rhythm disorder"
"CRE","carbapenem-resistant Enterobacteriaceae"
"Creat","creatinine"
"CREST","calcinosis, Raynaud esophagus, sclerosis, teleangiectasiae"
"CRF","chronic renal failure"
"CRF","corticotropin-releasing factor"
"CrGN","crescentic glomerulonephritis"
"CRH","corticotropin-releasing hormone"
"CRI","chronic renal insufficiency"
"Crike","Cricothyrotomy"
"CRISPR","clustered regularly interspaced short palindromic repeats"
"Crit","hematocrit"
"CRL","crown-rump length"
"CRNA","certified registered nurse anesthetist"
"CRO","contract research organization"
"CRP","C-reactive protein"
"CRPC","castration-resistant prostate cancer"
"CRPS","complex regional pain syndrome"
"CRRT","continuous renal replacement therapy"
"CRS","congenital rubella syndrome"
"CRSD","circadian rhythm sleep disorder"
"CRT","cardiac resynchronization therapy"
"CRT","chemoradiotherapy"
"CRT","conformal radiotherapy"
"CRT","cathode ray tube"
"CRT","capillary refill time"
"CRT","central retinal thickness"
"CRTx","chemoradiotherapy"
"CS","caesarean section"
"CS","compartment syndrome"
"CS","culture sensitivity"
"CS","Churg-Strauss syndrome"
"C/S","Caesarean section"
"C&S","culture and sensitivity"
"CsA","cyclosporin A"
"CSA","Controlled Substances Act"
"C-section","cesarean section"
"CSF","cerebrospinal fluid"
"CSF","colony-stimulating factor"
"CSME","clinically significant macular edema"
"CSOM","chronic suppurative otitis media"
"CSPC","community specialist palliative care"
"C-spine","cervical spine"
"CSR","cumulative survival rate"
"C-SSRS","Columbia Suicide Severity Rating Scale"
"CSU","catheter specimen of urine"
"CST","contraction stress test"
"CT","computed tomography"
"CT","cervicothoracic"
"CTA","clear to auscultation"
"CTA","computed tomography angiography"
"CTAP","CT during arterial portography"
"CTCAE","Common Terminology Criteria for Adverse Events"
"CTD","connective tissue disease"
"CTE","chronic traumatic encephalopathy"
"CTE","coefficient of thermal expansion"
"CTO","chronic total occlusion"
"CTO","Community Treatment Order"
"CTP","cytosine triphosphate"
"CTP","cytidine triphosphate"
"CTP","Child-Turcotte-Pugh score"
"CTP","clear to percussion"
"CTPA","computed tomographic pulmonary angiography"
"CTPE","CT scan for pulmonary embolii"
"CTR","carpal tunnel release"
"CTS","computed tomography scan"
"CTS","Carpal Tunnel Syndrome"
"CTU","cancer treatment unit"
"CTx","chemotherapy"
"CTX","ceftriaxone"
"CTX","contractions"
"CTX","chemotherapy"
"CTZ","Chemoreceptor trigger zone"
"CUC","chronic ulcerative colitis"
"CV","cardiovascular"
"CVA","cerebrovascular accident"
"CVA","costovertebral angle"
"CVAD","central venous access device"
"CVAT","costovertebral angle tenderness"
"CVC","central venous catheter"
"CVC","chronic venous congestion"
"CVD","cardiovascular disease"
"CVI","cerebrovascular incident"
"CVL","central venous line"
"CVP","central venous pressure"
"CVS","chorionic villus sampling"
"CVS","cardiovascular system"
"CVID","common variable immunodeficiency"
"c/w","consistent with"
"CWP","coal worker's pneumoconiosis"
"Cx","microbiological culture"
"Cx","cervix"
"CXR","chest x-ray"
"D5","5% dextrose"
"D25","25% dextrose injections"
"D4T","stavudine"
"D5W","5% dextrose in water"
"d","day(s)"
"DA","dopamine"
"DAEC","diffusely adherent Escherichia coli"
"DAF","decay accelerating factor"
"DAI","diffuse axonal injury"
"DALY","disability-adjusted life year"
"DAPT","dual anti-platelet therapy"
"DBP","diastolic blood pressure"
"DBS","deep brain stimulation"
"D&C","dilatation and curettage"
"D/C","discharge"
"D/C","discontinue"
"DCBE","double contrast barium enema"
"DCD","donation after cardiac death"
"DCCV","direct current cardioversion"
"DCIS","ductal carcinoma in situ"
"DCM","dilated cardiomyopathy"
"DD","differential diagnosis"
"DDAVP","desmopressin acetate"
"DDC","zalcitabine"
"DDD","daily defined doses"
"DDD","Degenerative disk disease"
"DDH","developmental hip dysplasia"
"DDI","didanosine"
"DDx","differential diagnosis"
"D&E","dilatation and evacuation"
"DES","diethylstilbestrol"
"DES","Drug-Eluting stent"
"DEXA","Dual energy X-ray absorptiometry"
"DH","developmental history"
"DH","Department of Health"
"DHE","dihydroergotamine"
"DHEA-S","dehydroepiandrosterone sulphate"
"DHF","decompensated heart failure"
"DHR","dihydrorhodamine"
"DHT","dihydrotestosterone"
"DHT","Dobhoff Tube"
"DI","diabetes insipidus"
"DIB","dead in bed"
"DIB","difficulty in breathing"
"DIC","disseminated intravascular coagulation"
"DICVP","Diplomat, International College of Veterinary Pharmacy"
"Di-Di","dichromatic diamnionic twins"
"DIL","drug-induced lupus"
"DILI","drug-induced liver injury"
"DiPerTe","diphtheria-pertussis-tetanus"
"Dis","dislocation"
"Disch","discharge"
"DiTe","diphtheria-tetanus"
"DIU","death in utero"
"DJD","degenerative joint disease"
"DKA","diabetic ketoacidosis"
"dl","deciliter"
"dL","deciliter"
"DLB","dementia with Lewy bodies"
"DLCO","diffusing capacity of the lung for carbon monoxide"
"DLE","disseminated lupus erythematosus"
"DLI","donor lymphocyte infusion"
"DM","diabetes mellitus"
"DM","Dermatomyositis"
"DM2","Type two diabetes mellitus"
"DMARD","disease-modifying antirheumatic drug"
"DMD","Duchenne muscular dystrophy"
"DMD","Dentariae Medicinae Doctor"
"DMD","Doctor of Dental Medicine"
"DMPA","depot medroxyprogesterone acetate"
"DMSA","dimercaptosuccinic acid"
"DMT","dimethyltryptamine"
"DNA","deoxyribonucleic acid"
"DNACPR","do not attempt cardiopulmonary resuscitation"
"DNI","do not intubate"
"DNR","do not resuscitate"
"DNAR","do not attempt resuscitation"
"DO","Doctor of Osteopathic Medicine"
"D/O","died of"
"D/O","disorder"
"DOA","dead on arrival"
"DOA","drugs of abuse"
"DOB","difficulty of breathing"
"DOB","Date of birth"
"DOE","dyspnea on exertion"
"DOH","Department of Health"
"DOL","day of life"
"DOS","date of service"
"DOSS","docusate sodium"
"DOSS","dioctyl sodium sulfosuccinate"
"DP","dorsalis pedis"
"DPH","diphenylhydantoin"
"DPL","diagnostic peritoneal lavage"
"DPLD","diffuse parenchymal lung disease"
"DPM","Doctor of Podiatric Medicine"
"DPT","diphtheria-pertussis-tetanus"
"DRE","Digital Rectal Examination"
"DRPLA","Dentatorubral-Pallidoluysian Atrophy"
"DRT","dead right there"
"DS","disease"
"DS","Down syndrome"
"DSA","digital subtraction angiography"
"DSA","Donor specific antibody"
"DSD","dry sterile dressing"
"Dsg","dressing"
"DSM","Diagnostic and Statistical Manual of Mental Disorders"
"dsRNA","double-stranded RNA"
"DT","diphtheria-tetanus"
"DT","delirium tremens"
"D/T","due to"
"DTA","descending thoracic aorta"
"DTaP","diphtheria–tetanus–acellular pertussis"
"DTP","diphtheria-tetanus-pertussis"
"DTR","deep tendon reflex"
"DTs","delirium tremens"
"DU","duodenal ulcer"
"DUB","dysfunctional uterine bleeding"
"DVT","deep vein thrombosis"
"DW","dextrose in water"
"D5W","5% dextrose in water"
"DX","diagnosis"
"Dx","diagnosis"
"dx","diagnosis"
"DZ","disease"
"E","ecstasy"
"E","electrolytes"
"E","Enterococcus"
"E","epinephrine"
"EAC","external acoustic meatus"
"EACA","epsilon-aminocaproic acid"
"EAEC","enteroadhesive Escherichia coli"
"EAF","enteric adherence factor"
"EAM","external auditory meatus"
"EBRT","external beam radiation therapy"
"EBL","estimated blood loss"
"EBM","evidence-based medicine"
"EBM","expressed breast milk"
"EBT","electron beam tomography"
"EBV","Epstein–Barr virus"
"EC","enteric coating"
"ECC","endocervical curettage"
"ECD","endocardial cushion defect"
"ECF","extracellular fluid"
"ECF","enteric cytopathic human orphan"
"ECG","electrocardiogram"
"ECM","extracellular matrix"
"ECHO","echocardiogram"
"ECHO","enteric cytopathic human orphan virus"
"ECI","febris e causa ignota"
"ECI","fever of unknown origin"
"ECLS","extracorporeal life support"
"ECMO","extracorporeal membrane oxygenation"
"ECP","emergency care practitioner"
"ECT","electroconvulsive therapy"
"ECTR","endoscopic carpal tunnel release"
"ED","emergency department"
"ED","erectile dysfunction"
"ED","ectodermal dysplasia"
"EDC","estimated date of confinement"
"EDD","estimated date of delivery"
"EDD","expected date of delivery"
"EDD","estimated date of discharge"
"EDF","end diastolic flow"
"EDH","epidural hematoma"
"EDM","esophageal Doppler monitor"
"EDRF","endothelium-derived relaxing factor"
"EDTA","ethylene-diamine-tetraacetic acid"
"EDS","Ehlers-Danlos syndrome"
"EDV","end-diastolic volume"
"EEE","eastern equine encephalitis"
"EEG","electroencephalogram"
"EENT","ears, eyes, nose, throat"
"EEX","electrodiagnosis"
"EF","ejection fraction"
"EFM","electronic fetal monitoring"
"EFM","external fetal monitoring"
"EFS","event-free survival"
"EFW","estimated fetal weight"
"EGBUS","external genitalia, Bartholin's glands, urethra & Skene's glands"
"EGD","esophagogastroduodenoscopy"
"EGF","epidermal growth factor"
"EGPA","eosinophilic granulomatosis with polyangiitis"
"EHEC","enterohemorrhagic Escherichia coli"
"EIEC","enteroinvasive Escherichia coli"
"EIA","external iliac artery External iliac artery"
"EJ","elbow jerk"
"EKG","electrocardiogram"
"ELLSCS","elective lower segment caesarean section"
"ELISA","enzyme-linked immunosorbent assay"
"EM","erythema multiforme"
"EMB","ethambutol"
"EMB","endometrial biopsy"
"EMB","endomyocardial biopsy"
"EmBx","endometrial biopsy"
"EMC","encephalomyocarditis"
"EMD","early morning discovery"
"EMD","electromechanical dissociation"
"EMDEX","essential medicines index"
"EMF","endomyocardial fibrosis"
"EMG","electromyography"
"EMLSCS","emergency lower segment Caesarean section"
"EMU","early morning urine sample"
"Emul","emulsion"
"ENT","ear, nose, and throat"
"EOB","edge of bed"
"EoL","End-of-life"
"EoLC","End-of-life care"
"EOM","extraocular muscles"
"EOMI","extraocular movements intact"
"EPCT","estrogen-progesterone challenge test"
"EPEC","enteropathogenic Escherichia coli"
"EPH","edema, proteinuria, hypertension"
"EPO","erythropoietin"
"EPS","electrophysiology"
"EPS","extrapyramidal syndromes"
"ER","emergency room"
"ERCP","endoscopic retrograde cholangiopancreatography"
"ERM","epiretinal membrane"
"ERMS","embryonal rhabdomyosarcoma"
"ESA","erythropoiesis-stimulating agent"
"ESHAP","etoposide, cisplatin, cytarabine, methylprednisolone"
"ESL","extracorporeal shockwave lithotripsy"
"ESL","English as a second language"
"ESBL","extended spectrum beta-lactamase"
"ESM","ejection systolic murmur"
"ESR","erythrocyte sedimentation rate"
"ESRD","end-stage renal disease"
"ESS","empty sella syndrome"
"ESS","enhanced support service"
"EST","endodermal sinus tumor"
"ESV","end-systolic volume"
"ESWL","extracorporeal shockwave lithotripsy"
"ET","endothelin"
"ET","endotracheal"
"ETEC","enterotoxigenic Escherichia coli"
"Etiol","etiology"
"ETOH","ethanol"
"ETS","endoscopic thoracic sympathectomy"
"ETT","endotracheal tube"
"EUA","examination under anesthesia"
"EUP","extrauterine pregnancy"
"EUS","endoscopic ultrasonography"
"EVAR","endovascular aneurysm repair"
"EVF","erythrocyte volume fraction"
"Exam","examination"
"Exp Lap","exploratory laparotomy"
"Ext","extremities"
"FA","Fanconi anemia"
"FAMMM","familial atypical multiple mole melanoma"
"FANA","fluorescent antinuclear antibody test"
"FAP","familial adenomatous polyposis"
"FAST","focused assessment with sonography for trauma"
"FB","foreign body"
"FBC","Family Birth Center"
"FBC","full blood count"
"FBE","full blood exam"
"FBG","fasting blood glucose"
"FBS","Failed back syndrome"
"FBS","fasting blood sugar"
"F/C","fevers and chills"
"FCS","Faciocutaneoskeletal syndrome"
"FDC","follicular dendritic cells"
"FDG","fluordeoxyglucose"
"FDIU","fetal demise in utero"
"FDP","fibrin degradation product"
"Fe","iron"
"fem","female"
"fem","femoral"
"FEN","Fluids, Electrolytes, Nutrition"
"FEP","free erythrocyte protoporphyrin"
"FEP","fibroepithelial polyp"
"FESS","functional endoscopic sinus surgery"
"FET","frozen embryo transfer"
"FF","free fluids"
"FFA","free fatty acids"
"FFP","fresh frozen plasma"
"FHR","fetal heart rate"
"FHS","fetal heart sound"
"FHT","fetal heart tones"
"FHx","family history"
"FIBD","found in bed dead"
"FISH","fluorescence in situ hybridization"
"FL","femur length"
"FLAIR","fluid attenuated inversion recovery"
"FLK","funny-looking kid"
"fl.oz.","fluid ounce"
"FM","fetal movement"
"FMF","fetal movements felt"
"FMP","first menstrual period"
"FMPP","Familial male precocious puberty"
"fMRI","functional magnetic resonance imaging"
"FMS","Fibromyalgia Syndrome"
"F→N","finger-to-nose test"
"FNA","fine-needle aspiration"
"FNAB","fine-needle aspiration biopsy"
"FNAC","fine-needle aspiration cytology"
"FNC","full nursing care"
"FNH","focal nodular hyperplasia"
"FOB","Foot of Bed"
"FOB","father of baby"
"FOBT","fecal occult blood test"
"FOF","found on floor"
"FOS","full of stool"
"FOOSH","fall on outstretched hand"
"FP","Family Planning"
"FPG","fasting plasma glucose"
"FRDA","Friedreich's ataxia"
"FROM","full range of motion"
"FSBS","finger-stick blood sugar"
"FSE","fetal scalp electrode"
"FSGS","focal and segmental glomerulosclerosis"
"FSH","follicle-stimulating hormone"
"FTA","fluorescent treponemal antibody"
"FTA-ABS","fluorescent treponemal antibody absorption"
"FTT","failure to thrive"
"F/U","follow-up"
"FUE","Follicular Unit Extraction"
"FUT","Follicular Unit Transplantation"
"FUO","fever of unknown origin"
"FVC","forced vital capacity"
"FWB","full weight bearing"
"FWD","full ward diet"
"FWD","forward"
"Fx","Function"
"G","gravidity"
"G","guanosine"
"G6PD","glucose-6-phosphate-dehydrogenase"
"GA","general anaesthesia"
"GA","gestational age"
"GABA","gamma-aminobutyric acid"
"GABHS","group A beta-hemolytic streptococcus"
"GAPS","Guidelines for Adolescent Preventative Services"
"GB","gallbladder"
"GBC","gallbladder carcinoma"
"GBS","group B Streptococcus"
"GBS","Guillain–Barré syndrome"
"GBM","glioblastoma multiforme"
"GBM","glomerular basement membrane"
"GC","general condition"
"GC","gonococcus"
"GCA","giant cell arteritis"
"GCS","Glasgow Coma Scale"
"GCS","Graduated compression stockings"
"GCT","germ cell tumor"
"GCT","glucose challenge test"
"GCT","Giant cell tumor"
"G-CSF","granulocyte colony-stimulating factor"
"GDA","gastroduodenal artery"
"GDLH","glutamate dehydrogenase"
"GDM","Gestational Diabetes Mellitus"
"GDP","guanosine diphosphate"
"GDS","Geriatric Depression Scale"
"GERD","gastroesophageal reflux disease"
"GFR","glomerular filtration rate"
"GGT","gamma glutamyl transferase"
"GGTP","gamma glutamyl transpeptidase"
"GH","growth hormone"
"GHRF","growth hormone releasing factor"
"GHRH","growth hormone releasing hormone"
"GI","gastrointestinal"
"GI","gastrointestinal tract"
"GIA","A model of surgical staple"
"GIB","gastrointestinal bleed"
"GIS","GastroIntestinal Surgeon"
"GIFT","gamete intrafallopian transfer"
"GIST","gastrointestinal stromal tumor"
"GIT","gastrointestinal tract"
"GITS","gastrointestinal therapeutic system"
"GMC","general medical condition"
"GM-CSF","granulocyte macrophage colony-stimulating factor"
"GMP","guanosine monophosphate"
"GN","glomerulonephritis"
"GNRH","gonadotropin-releasing hormone"
"GOAT","Galveston Orientation and Amnesia Test"
"GOD","glucose oxidase"
"GOK","God only knows"
"GOMER","get outta my ER"
"GORD","gastro-oesophageal reflux disease"
"GOT","glutamic-oxalacetic transaminase"
"GP","general practitioner"
"GP","Goodpasture's syndrome"
"GPA","granulomatosis with polyangiitis"
"GPCL","gas permeable contact lens"
"GPT","glutamic-pyruvic transaminase"
"Gr","grain"
"GRAV I","gravidity = 1"
"GSW","gunshot wound"
"GTN","glyceryl trinitrate"
"GTN","gestational trophoblastic neoplasia"
"GTT","glucose tolerance test"
"GTT","gestational trophoblastic tumor"
"Gtts","guttae"
"GU","genitourinary"
"GU","gastric ulcer"
"GUM","genitourinary medicine"
"GvH","graft-versus-host"
"GvHD,","graft-versus-host disease"
"GVHD","graft-versus-host disease"
"GXT","graded exercise test"
"GYN","gynecology"
"h","hour(s)"
"H","histamine or its receptors"
"H","hemagglutinin"
"HA","hypertonia arterialis"
"HA","headache"
"HA","calcium hydroxyapatite"
"H/A","headache"
"HAA","hepatitis-associated antigen"
"HAA","History As Above"
"HAART","highly active antiretroviral therapy"
"HACA","human anti-chimeric antibody"
"HACE","high-altitude cerebral edema"
"HACEK","Haemophilus, Aggregatibacter, Cardiobacterium hominis, Eikenella corrodens, and Kingella"
"HAD","HIV-associated dementia"
"HADS","Hospital Anxiety and Depression Scale"
"HAE","hereditary angioedema"
"H/A","headache"
"HAI","healthcare-associated infection"
"HAI","hospital-acquired infection"
"HALE","health-adjusted life expectancy"
"HAPE","high-altitude pulmonary edema"
"HAV","hepatitis A virus"
"Hb","hemoglobin"
"HB","heart block"
"Hb%","hemoglobin concentration in gram per deciliter"
"HbA","hemoglobin A"
"HBD","has been drinking"
"HbF","fetal hemoglobin"
"HBO","hyperbaric oxygen"
"HBP","high blood pressure"
"HBV","hepatitis B virus"
"HC","head circumference"
"HC","hemorrhagic colitis"
"HC","homocysteine"
"HCA","Healthcare Associated"
"HCC","hepatocellular carcinoma"
"HCF","Healthcare Facility"
"HCFA","Healthcare Facility Associated"
"hCG","human chorionic gonadotropin"
"HCL","hairy cell leukemia"
"HCM","hypertrophic cardiomyopathy"
"HCM","healthcare maintenance"
"Hct","hematocrit"
"HCT","hematocrit"
"HCT","hematopoietic cell transplantation"
"HCRP","Hospital Cornea Retrieval Programme"
"HCTZ","hydrochlorothiazide"
"HD","Hodgkin disease"
"HD","Hemodialysis"
"HD","Huntington's disease"
"HCV","hepatitis C virus"
"HDL","high-density lipoprotein"
"HDL-C","high-density lipoprotein-cholesterol"
"HDN","hemolytic disease of the newborn"
"HDU","high dependency unit"
"HDV","hepatitis D virus"
"HDW","Hemoglobin Distribution Width"
"H&E","hematoxylin and eosin"
"HE","hepatic encephalopathy"
"HEC","High emetogenic chemotherapy"
"HEENT","head, eyes, ears, nose, throat"
"HELP","Hemolysis, elevated liver enzymes, low platelets"
"HELLP","Hemolysis, elevated liver enzymes, low platelets"
"HEMA","hydroxy ethyl methacrylate"
"Hema","hematest"
"HES","hydroxyethyl starch"
"HETE","hydroxyeicosatetraenoic acid"
"HEV","hepatitis E virus"
"HF","heart failure"
"HFpEF","heart failure with preserved ejection fraction"
"HFrEF","heart failure with reduced ejection fraction"
"HFM","hand, foot and mouth disease"
"HFMD","hand, foot and mouth disease"
"HFRS","hemorrhagic fever with renal syndrome"
"HGB","hemoglobin"
"HGSIL","high-grade squamous intraepithelial lesion"
"HGV","hepatitis G virus"
"HGPRTase","hypoxanthine-guanine phosphoribosyl transferase"
"HH","hiatus hernia"
"H/H","hemoglobin and hematocrit"
"H&H","hemoglobin and hematocrit"
"HHT","hereditary hemorrhagic telangiectisia"
"HHV","human herpesvirus"
"HI","homicidal ideation"
"Hib","haemophilus influenzae B"
"HIDA","hepatobiliary iminodiacetic acid"
"HIDS","hyper-IgDsyndrome"
"HIT","heparin-induced thrombocytopenia"
"HIV","human immunodeficiency virus"
"HL","hepatic lipase"
"HL","Hodgkin's lymphoma"
"HL","hearing level"
"HLA","human leukocyte antigen"
"HLD","Hyperlipidemia"
"HLHS","hypoplastic left heart syndrome"
"H&M","hematemesis and melena"
"HMD","hyaline membrane disease"
"HMG","human menopausal gonadotropin"
"HMG-CoA","3-hydroxy-3-methyl-glutaryl-CoA"
"HMGR","3-hydroxy-3-methyl-glutaryl-CoA reductase"
"H-mole","hydatidiform mole"
"HMS","hyperreactive malarial splenomegaly"
"HMSN","hereditary motor sensory neuropathy"
"HN","hemagglutinin-neuraminidase"
"HND","hemolytic disease of the newborn"
"HNP","herniated nucleus pulposus"
"HNPCC","hereditary nonpolyposis colorectal cancer"
"H/O","history of"
"HOB","head of bed"
"HOCM","hypertrophic obstructive cardiomyopathy"
"HONK","hyperosmolar nonketotic coma"
"HOPI","History of present illness"
"HoTN","Hypotension"
"H&P","history and physical examination"
"HPA","hypothalamic-pituitary-adrenal axis"
"HPETE","hydroxyeicosatetraenoic acid"
"HPF","high-power field"
"HPI","history of the present illness"
"H/oPI","history of the present illness"
"HPOA","hypertrophic pulmonary osteoarthropathy"
"hPL","human placental lactogen"
"HPS","hantavirus pulmonary syndrome"
"HPV","human papillomavirus"
"HR","heart rate"
"hr","hour(s)"
"HRAS","Harvey rat sarcoma viral oncogene homolog"
"HRCT","High-resolution computed tomography"
"HRT","hormone replacement therapy"
"h.s.","at bedtime"
"hs","hours of sleep"
"H→S","heel-to-shin test"
"HSC","human chorionic somatomammotropin"
"HSG","hysterosalpingogram"
"HSIL","high-grade squamous intraepithelial lesion"
"HSM","hepatosplenomegaly"
"HSP","Henoch–Schönlein purpura"
"HSV","herpes simplex virus"
"HT","hypertension"
"Ht","height"
"HTLV","human T-lymphotropic virus"
"HTN","hypertension"
"HTPA","hypothalamic-pituitary-adrenal axis"
"HTVD","hypertensive vascular disease"
"HUS","hemolytic uremic syndrome"
"HVA","homovanillic acid"
"HVLT","high-velocity lead therapy"
"Hx","history"
"IA","intra-arterial"
"IAA","insulin autoantibody"
"IABP","intra-aortic balloon pump"
"IAI","intra-amniotic infection"
"IBC","inflammatory breast cancer"
"IBD","inflammatory bowel disease"
"IBS","irritable bowel syndrome"
"IC","ileocecal"
"IC","immunocompromised"
"IC","informed consent"
"IC","intensive care"
"IC","interstitial cystitis"
"IC","immune complex"
"IC","intracardiac"
"ICD","implantable cardioverter-defibrillator"
"ICDS","Integrated Child Development Services Program"
"ICD-10","International Classification of Diseases, 10th Revision"
"ICF","intracellular fluid"
"ICG","impedance cardiography"
"ICH","intracerebral hemorrhage"
"ICM","ischemic cardiomyopathy"
"ICP","intracranial pressure"
"ICS","intercostal space"
"ICS","inhaled corticosteroids"
"ICS","internal carotid stenosis"
"ICSI","intracytoplasmic sperm injection"
"ICU","intensive care unit"
"ICCU","intensive cardiac care unit"
"ID","infectious disease"
"ID","identifying data"
"I&D","incision and drainage"
"IDA","iron deficiency anemia"
"IDC","idiopathic dilated cardiomyopathy"
"IDC","indwelling catheter"
"IDC","infiltrating ductal carcinoma"
"IDDM","insulin-dependent diabetes mellitus"
"IDL","intermediate-density lipoprotein"
"IDP","infectious disease precautions"
"IE","infective endocarditis"
"IF","immunofluorescence"
"IFG","impaired fasting glycaemia"
"Ig","immunoglobulin"
"IgA","immunoglobulin A"
"IgAV","IgA vasculitis"
"IgD","immunoglobulin D"
"IgE","immunoglobulin E"
"IGF","insulin-like growth factor"
"IgG","immunoglobulin G"
"IgG4-RD","IgG4-related disease"
"IgG4-RKD","IgG4-related kidney disease"
"IgG4-ROD","IgG4-related ophthalmic disease"
"IgG4-TIN","IgG4-related tubulointerstitial nephritis"
"IgM","immunoglobulin M"
"IGT","impaired glucose tolerance"
"IHC","immunohistochemistry"
"IHD","ischaemic heart disease"
"IHPS","infantile hypertrophic pyloric stenosis"
"IHSS","ideopathic hypertrophic subaortic stenosis"
"IIEF","International Index of Erectile Function"
"ILD","interstitial lung disease"
"IM","intramuscular"
"IMA","inferior mesenteric artery"
"IMB","intermenstrual bleed"
"IMI","intramuscular injection"
"IMM","intramyometrial"
"IMN","infectious mononucleosis"
"IMRT","intensity-modulated radiotherapy"
"IMT","inflammatory myofibroblastic tumor"
"IMT","intima-media thickness"
"IMV","intermittent mandatory ventilation"
"Inc","incomplete"
"INF","interferon"
"INF-α","interferon-α"
"INF-β","interferon-β"
"INF-γ","interferon-γ"
"INH","inhaled"
"Inj","injection"
"INR","international normalized ratio"
"Int","internal"
"INT","intermittent needle therapy"
"IO","intraosseous infusion"
"I&O","inputs and outputs"
"I&O","intake and outputs"
"IODM","infant of diabetic mother"
"IOL","induction of labor"
"IOL","intraocular lens"
"IOP","intra-orifice pressure"
"IP","interphalangeal joint"
"IPF","idiopathic pulmonary fibrosis"
"IPG","Implantable Pulse Generator"
"IPH","intraparenchymal hemorrhage"
"IPH","intraperitoneal hemorrhage"
"IPH","idiopathic pulmonary hemosiderosis"
"IPMN","Intraductal papillary mucinous neoplasm"
"IPPB","intermittent positive pressure breathing"
"IPPV","intermittent positive pressure ventilation"
"IPS","intraperitoneal sounds"
"IQ","intelligence quotient"
"IR","insulin resistance"
"IRDS","infant respiratory distress syndrome"
"IRIDA","inherited iron-refractory iron deficiency anemia"
"IRIS","Immune reconstitution inflammatory syndrome"
"IS","Incentive Spirometry"
"ISA","intrinsic sympathomimetic activity"
"ISDN","isosorbide dinitrate"
"ISH","isolated systolic hypertension"
"ISMN","isosorbide mononitrate"
"ISQ","no change"
"IT","immature teratoma"
"IT","intrathecal"
"ITP","idiopathic thrombocytopenic purpura"
"ITP","immune-mediated thrombocytopenic purpura"
"ITU","intensive treatment unit"
"IUCD","intrauterine contraceptive device"
"IU","international units"
"IUD","intrauterine death"
"IUD","intrauterine device"
"IUFD","intrauterine foetal demise"
"IUGR","intrauterine growth restriction"
"IUI","intrauterine insemination"
"IUP","intrauterine pregnancy"
"IUPC","intrauterine pressure catheter"
"IUS","intrauterine system"
"IUT","intrauterine transfusion"
"IV","intravenous"
"IVC","inferior vena cava"
"IVD","Intervertebral disc"
"IV-DSA","intravenous digital subtraction angiography"
"IVDU","intravenous drug user"
"IVF","in vitro fertilization"
"IVF","intravenous fluids"
"IVH","interventricular hemorrhage"
"IVP","intravenous pyelogram"
"IVPB","intravenous piggyback"
"IVPG","Intravenous pyogenic granuloma"
"IVU","intravenous urogram"
"IVUS","intravascular ultrasound"
"Ix","Investigation"
"JCV","John Cunningham virus"
"JEV","Japanese encephalitis virus"
"JIA","juvenile idiopathic arthritis"
"JMS","junior medical student"
"JODM","juvenile-onset diabetes mellitus"
"JP","Jackson-Pratt"
"JRA","juvenile rheumatoid arthritis"
"JVD","jugular venous distension"
"JVP","jugular venous pressure"
"K","potassium"
"Kcal","kilocalorie"
"Kcal","calorie"
"KCCT","kaolin cephalin clotting time"
"KELS","Kohlman Evaluation of Living Skills"
"kg","kilogram"
"KIV","keep in view"
"KLS","kidney, liver, spleen"
"KOH","potassium hydroxide"
"KS","Kaposi's sarcoma"
"KS","Kartagener syndrome"
"KSHV","Kaposi's sarcoma-associated herpesvirus"
"KUB","kidneys, ureters, and bladder"
"KVO","keep vein open"
"L","leukocytes"
"L","lumbar vertebrae"
"L&D","labor and delivery"
"LA","left atrium"
"LA","lymphadenopathy"
"LA","local anesthetic"
"LAAM","L-alpha-acetylmethadol"
"Lab","laboratory"
"LABA","long-acting beta agonist"
"LABBB","left anterior bundle branch block"
"Lac","laceration"
"Lac","lactate"
"LAD","left anterior descending"
"LAD","leukocyte adhesion deficiency"
"LAD","left axis deviation"
"LAD","lymphadenopathy"
"LAE","left atrial enlargement"
"LAH","left anterior hemiblock"
"LAHB","left anterior hemiblock"
"Lam","laminectomy"
"LAP","leukocyte alkaline phosphatase"
"Lap","laparotomy"
"Lap appy","laparoscopic appendectomy"
"LAR","low anterior resection"
"LARP","left → anterior, right → posterior"
"LAS","lymphadenopathy syndrome"
"Lat","lateral"
"lb","pound(s)"
"LB","pound(s)"
"LBBB","left bundle branch block"
"LBO","large bowel obstruction"
"LBP","low back pain"
"LBW","low birth weight"
"LCA","left coronary artery"
"LCHAD","long-chain 3-hydroxyacyl-coenzyme A dehydrogenase"
"LCIS","lobular carcinoma in situ"
"LCM","lymphocytic meningitis"
"LCMV","lymphocytic choriomeningitis virus"
"LCP","Liverpool Care Pathway for the Dying Patient"
"LCPD","Legg–Calvé–Perthes disease"
"LCV","leukocytoclastic vasculitis"
"LCX","left circumflex artery"
"L&D","labor and delivery"
"LDH","lactate dehydrogenase"
"LDL","low-density lipoprotein"
"LDL-C","low-density lipoprotein cholesterol"
"L-DOPA","levo-dihydroxyphenylalanine"
"LEC","lupus erythematosus cell"
"LEEP","loop electrical excision procedure"
"LES","lower esophageal sphincter"
"LES","lupus erythematosus systemicus"
"LE","lupus erythematosus"
"LE","lower extremity"
"leu","leukocytes"
"LFT","liver function test"
"LGA","large for gestational age"
"LGL","Lown–Ganong–Levine syndrome"
"LGM","lymphogranulomatosis maligna"
"LGSIL","low-grade squamous intraepithelial lesion"
"LGV","lymphogranuloma venereum"
"LH","luteinizing hormone"
"LH","lightheadedness"
"LHC","left heart catheterization"
"LHRH","luteinizing hormone–releasing hormone"
"Lig","ligament"
"LIH","left inguinal hernia"
"LLD","leg length discrepancy"
"LLE","left lower extremity"
"LLETZ","large loop excision of the transformation zone"
"LLL","left lower lobe"
"LLQ","left lower quadrant"
"LM","left main"
"LMA","left mentoanterior"
"LMA","laryngeal mask airway"
"LMCA","left main coronary artery"
"LMD","local medical doctor"
"LMP","last menstrual period"
"LMP","low malignant potential"
"LMWH","low-molecular-weight heparin"
"LN","lymph node"
"LND","lymph node dissection"
"LNG","levonorgestrel"
"LNI","lymph node involvement"
"LOA","left occipitoanterior"
"LOA","lysis of adhesions"
"LOC","loss of consciousness"
"LOC","level of consciousness"
"LOF","leakage of fluid"
"LOH","loss of heterozygosity"
"LOI","loss of imprinting"
"LOL","little old lady"
"LOM","limitation of motion"
"LOP","left occiput posterior"
"LORTA","loss of resistance to air"
"LOS","length of stay"
"Lot","lotion"
"LOT","left occiput transverse"
"Lp","lipoprotein"
"LP","lumbar puncture"
"LPH","left posterior hemiblock"
"LPL","lipoprotein lipase"
"LPP","lichen planopilaris"
"LQTS","long QT syndrome"
"L/S","lecithin-to-sphingomyelin ratio"
"LS","lichen sclerosus"
"LS","Lynch syndrome"
"LSA","lichen sclerosis et atrophicus"
"LSB","left sternal border"
"LSIL","low-grade squamous intraepithelial lesion"
"LST","laterally spreading tumor"
"LR","lactated Ringer's solution"
"LRINEC","Laboratory Risk Indicator for Necrotizing Soft Tissue Infections Score"
"LRTI","lower respiratory tract infection"
"LSCTA","lung sounds clear to auscultation"
"LT","heat-labile enterotoxin"
"LTAC","long-term acute care"
"LTCS","low transverse cesarean section"
"LUL","left upper lobe"
"LUQ","left upper quadrant"
"LUS","lower uterine segment"
"LUTS","lower urinary tract symptoms"
"LV","left ventricle"
"LVAD","left ventricular assist device"
"LVEDP","left ventricular end diastolic pressure"
"LVEF","left ventricular ejection fraction"
"LVF","left ventricular failure"
"LVH","left ventricular hypertrophy"
"LVOT","left ventricular outflow tract"
"LVP","Large volume paracentesis"
"LWBS","left without being seen"
"Lx of ch","laxative of choice"
"Ly","lymphocytes"
"lytes","electrolytes"
"M","murmur"
"MACE","Major Adverse Cardiovascular Events"
"MAC","Mycobacterium avium complex"
"MAE","moves all extremities"
"MAHA","microangiopathic hemolytic anemia"
"MAL","midaxillary line"
"MALT","mucosa-associated lymphoid tissue"
"MAOI","monoamine oxidase inhibitor"
"Mφ","macrophage"
"MAP","mean arterial pressure"
"MAR","Medication Administration Record"
"MARSA","methicillin- and aminoglycoside-resistant Staphylococcus aureus"
"MAS","Morgagni–Adams–Stokes syndrome"
"MAS","meconium aspiration syndrome"
"MAST","Michigan alcohol screening test"
"MAT","multifocal atrial tachycardia"
"MAT","microscopic agglutination test"
"MBSS","modified barium swallow study"
"MC","metacarpal bone"
"MCA","mucinous cystadenoma"
"MCAT","Medical College Admission Test"
"MCD","minimal change disease"
"MCP","metacarpophalangeal joint"
"MCHC","mean corpuscular hemoglobin concentration"
"MCH","mean cell hemoglobin"
"MCH","mean corpuscular hemoglobin"
"MC&S","microscopy, culture, and sensitivity"
"MCTD","mixed connective tissue disease"
"MCV","mean corpuscular volume"
"MDCT","multidetector row computerized tomography"
"MDD","major depressive disorder"
"MDE","major depressive episode"
"MDI","metered dose inhaler"
"MDS","myelodysplastic syndrome"
"ME","Myalgic Encephalopathy"
"M/E","microscopic examination"
"MEC","Moderate emetic chemotherapy"
"MEDLINE","Medical Literature Analysis and Retrieval System Online"
"MEN","multiple endocrine neoplasia"
"MeSH","Medical Subject Headings"
"MET","metabolic equivalent"
"met","metastasis"
"MFM","maternal and fetal medicine"
"Mg","magnesium"
"MG","myasthenia gravis"
"MGN","membranous glomerulonephritis"
"MGUS","monoclonal gammopathy of undetermined significance"
"MHA-TP","microhemagglutination assay for T. pallidum"
"MHW","Mental Health Worker"
"MI","myocardial infarction"
"MIC","minimum inhibitory concentration"
"MICU","mobile intensive care unit"
"MICU","medical intensive care unit"
"MIF","Müllerian inhibitory factor"
"MIS","Minimally Invasive Surgery"
"MIS","Mullerian Inhibiting Substance"
"MLC","mixed lymphocyte culture"
"MLE","midline episiotomy"
"MM","myeloid metaplasia"
"MM","middle meningeal"
"MM","multiple myeloma"
"M&M","morbidity and mortality"
"MMFR","midmaximal flow rate"
"MMI","maximum medical improvement"
"MMK","Marshall–Marchetti–Kranz procedure"
"MMPI","Minnesota Multiphasic Personality Inventory"
"MMR","measles, mumps, and rubella combined vaccination"
"MMR","mismatch repair"
"MMR-D","mismatch repair deficiency syndrome"
"MMSE","mini-mental state examination"
"MMT","malignant mesenchymal tumor"
"MMT","Mixed Mullerian Tumor"
"MN","membranous nephropathy"
"MND","motor neurone disease"
"MOB","mother of baby"
"mod","moderate"
"mod","modified"
"MODY","maturity onset diabetes of the young"
"Mo","monocytes"
"MoM","multiples of the median"
"MOM","milk of magnesia"
"Mono-Di","monochorionic-diamniotic twins"
"Mono-Mono","monochorionic-monoamniotic twins"
"MOPP","mechlorethamine, vincristine, procarbazine, and prednisone"
"MPA","medroxyprogesterone acetate"
"MPD","Main pancreatic duct"
"MPD","myeloproliferative disease"
"MPDs","myeloproliferative disease"
"MPGN","membranoproliferative glomerulonephritis"
"MPO","myeloperoxidase"
"MPT","multi-professional team"
"MPV","mean platelet volume"
"MR","medical representative"
"MR","mental retardation"
"MR","mitral regurgitation"
"MR","modified release"
"MRA","magnetic resonance angiography"
"MRCP","magnetic resonance cholangiopancreatography"
"MRG","murmurs, rubs, and gallops"
"MRI","magnetic resonance imaging"
"MRSA","methicillin-resistant Staphylococcus aureus"
"MS","medical student"
"MS","mental status"
"MS","mitral stenosis"
"MS","multiple sclerosis"
"MS-AFP","maternal serum alpha-fetoprotein"
"MSDU","medical surgical day unit"
"MSE","mental status examination"
"MSH","melanocyte-stimulating hormone"
"MSK","medullary sponge kidney"
"MSK","Musculoskeletal"
"MSM","men who have sex with men"
"MSU","midstream urine sample"
"MSU","monosodium urate"
"MSUD","maple syrup urine disease"
"MT","metatarsal bone"
"MTBI","mild traumatic brain injury"
"MTP","metatarsalphalangeal"
"MTX","methotrexate"
"MUSE","medicated urethral system for erections"
"MVA","motor vehicle accident"
"MVC","motor vehicle crash"
"MVI","Multivitamin"
"MVo2","mixed venous oxygen concentration"
"MVP","mitral valve prolapse"
"MVPS","mitral valve prolapse syndrome"
"MVR","mitral valve replacement"
"Nφ","Neutrophil"
"Na","sodium"
"NA","negative appendectomy"
"NAAT","nuclear acid amplification test"
"NABS","normoactive bowel sounds"
"NAC","n-acetyl cysteine"
"NAD","no abnormality detected"
"NAD","no apparent distress"
"NAFLD","Non-alcoholic fatty liver disease"
"NAS","no added salt"
"NASH","Non-alcoholic steatohepatitis"
"NB","newborn"
"NB","nota bene"
"NBN","newborn nursery"
"NBIA","neurodegeneration with brain iron accumulation"
"NBT","nitroblue tetrazolium"
"NBTE","nonbacterial thrombotic endocarditis"
"NC","nerve action potential"
"NC","nasal cannula"
"NCC","noncompaction cardiomyopathy"
"NCEP","National Cholesterol Education Program"
"NCS","nerve conduction study"
"NCT","nerve conduction test"
"NCV","nerve conduction velocity"
"ND","(examination) not done"
"NDI","nephrogenic diabetes insipidus"
"NE","norepinephrine"
"Ne","neutrophil granulocytes"
"NEAP","Net Endogenous Acid Production"
"NEC","not elsewhere classified"
"NEC","necrotizing enterocolitis"
"NED","No evidence of disease"
"Neg","negative"
"Neo","neoplasm"
"NES","not elsewhere specified"
"NFR","not for resuscitation"
"NG","nasogastric"
"NGT","nasogastric tube"
"NG tube","nasogastric tube"
"NGTD","negative to date"
"NGTD","no growth to date"
"NGU","nongonococcal urethritis"
"NH","nursing home"
"NHL","non-Hodgkin lymphoma"
"NHW","non-healing wound"
"NICMP","non-ischemic cardiomyopathy"
"NICU","neonatal intensive care unit"
"NIDDM","non-insulin-dependent diabetes mellitus"
"NIF","Negative inspiratory force"
"NIH","National Institutes of Health"
"NIPPV","Nasal intermittent positive pressure ventilation"
"NK","natural killer cells"
"NK cells","natural killer cells"
"NKA","no known allergies"
"NKDA","no known drug allergies"
"Nl","normal"
"NLP","no light perception"
"NM","nuclear medicine"
"NMR","nuclear magnetic resonance"
"NNH","number needed to harm"
"NNT","number needed to treat"
"NO","nitric oxide"
"No.","number"
"NOF","neck of femur fracture"
"NOMI","nonocclusive mesenteric ischemia"
"Non rep.","do not repeat"
"NOS","nitric oxide synthase"
"NOS","not otherwise specified"
"NPA","nasal pharyngeal aspirate"
"NPH","normal pressure hydrocephalus"
"Npl","neoplasm"
"NP","Nurse Practitioner"
"NPO","nil per os"
"NPPV","noninvasive positive pressure ventilation"
"NPT","neuropsychiatric testing"
"NPTAC","no previous tracing available for comparison"
"NPV","negative predictive value"
"NRB","non-rebreather mask"
"NRBC","nucleated red blood cells"
"NREM","non–rapid eye movement"
"n.s.","not significant"
"NS","normal saline"
"NSA","no significant abnormality"
"NSAID","nonsteroidal antiinflammatory drug"
"NSBB","Non-selective beta blocker"
"NSCC","Non-squamous-cell carcinoma"
"NSCLC","non–small cell lung carcinoma"
"NSD","normal spontaneous delivery"
"NSE","neurospecific enolase"
"NSR","normal sinus rhythm"
"NST","non-stress test"
"NSTEMI","non-ST-elevation myocardial infarction"
"NSU","nonspecific urethritis"
"NSVD","normal spontaneous vaginal delivery"
"NT","not tested"
"NT","nuchal translucency"
"NTD","neural tube defect"
"NTG","nitroglycerin"
"n/t","numbness and tingling"
"NTP","Nortriptyline"
"NTT","nasotracheal tube"
"NTX","N-telopeptide"
"N&V","nausea and vomiting"
"n/v","nausea and vomiting"
"NVD","normal vaginal delivery"
"NVD","nausea, vomiting, and diarrhea"
"NVDC","nausea, vomiting, diarrhea, and constipation"
"NWB","Non-weight-bearing"
"NYD","Not yet diagnosed"
"NYHA","New York Heart Association"
"OA","osteoarthritis"
"OAB","Overactive bladder"
"OAF","osteoclast activating factor"
"OB","obstetrics and gynecology"
"OB-GYN","obstetrics and gynecology"
"ob-gyne","obstetrics and gynecology"
"Obl","oblique"
"OBS","organic brain syndrome"
"Occ","occasional"
"OCD","obsessive-compulsive disorder"
"OCG","oral cholecystogram"
"OCNA","Orthopedic Clinics of North America"
"OCP","oral contraceptive pill"
"OCT","optical coherence tomography"
"OD","right eye"
"OD","overdose"
"OD","occupational disease"
"od","once daily"
"ODC","ornithine decarboxylase"
"OE","otitis externa"
"O/E","on examination"
"OGTT","oral glucose tolerance test"
"OHL","oral hairy leukoplakia"
"OHS","Obesity hypoventilation syndrome"
"Oint","ointment"
"OM","otitis media"
"om","every morning"
"OME","otitis media with effusion"
"on","every night"
"O/N","overnight"
"OOB","out of bed"
"OP","outpatient department"
"OP","Osteoporosis"
"O&P","ova and parasites"
"OPD","outpatient department"
"OPPT","oriented to person, place, and time"
"OPV","outpatient visit"
"OR","operating room"
"OR","odds ratio"
"ORIF","open reduction internal fixation"
"ORSA","oxacillin-resistant staphylococcus aureus"
"ORT","oral rehydration therapy"
"OS","left eye"
"OS","orthopedic surgery"
"OS","overall survival"
"OSA","obstructive sleep apnea"
"OSH","outside hospital"
"Osm","osmolarity"
"Osteo","osteomyelitis"
"OT","occupational therapy"
"OTC","over-the-counter drug"
"OTD","out the door"
"OTPP","oriented to time, place, and person"
"OTTR","Organ Transplant Tracking Record"
"OU","both eyes"
"OV","office visit"
"oz","ounce"
"P","parturition"
"P","phosphorus"
"P","pulse"
"P","post"
"PA","posterior–anterior"
"PA","posteroanterior"
"PA","pulmonary artery"
"PA","physician assistant"
"PA","psoriatic arthritis"
"PA","primary aldosteronism"
"P&A","percussion and auscultation"
"P&A","phenol and alcohol matrixectomy"
"PAC","premature atrial contraction"
"PAC","pulmonary artery catheterisation"
"PAC","pulmonary artery catheter"
"PACU","Post-Anesthesia Care Unit"
"PAD","peripheral artery disease"
"PAF","platelet activating factor"
"PAF","paroxysmal atrial fibrillation"
"PAH","pulmonary arterial hypertension"
"PAH","phenylalanine hydroxylase"
"PAI-1","plasminogen activator inhibitor 1"
"PAL","posterior axillary line"
"PALS","Pediatric Advanced Life Support"
"PAN","polyarteritis nodosa"
"PAO","peak acid output"
"PAOD","peripheral artery occlusive disease"
"PAP","Papanicolaou stain"
"PAP","positive airway pressure"
"PAP","pulmonary artery pressure"
"PAP","pulmonary alveolar proteinosis"
"Pap","Papanicolaou test"
"PAPP-A","pregnancy-associated plasma protein A"
"PARA I","a woman with one child"
"PARA II","a woman with two children"
"PAT","paroxysmal atrial tachycardia"
"PBC","primary biliary cirrhosis"
"PBX","probiotics"
"PBF","peripheral blood film"
"p.c.","after food"
"p.c.","after meals"
"PCA","patient-controlled analgesia"
"PCa","prostate cancer"
"PCD","postconcussional disorder"
"PCD","primary ciliary dyskinesia"
"PCI","percutaneous coronary intervention"
"PCIOL","posterior chamber intraocular lens"
"PCL","posterior cruciate ligament"
"PCN","penicillin"
"PCNSL","primary central nervous system lymphoma"
"PCO","polycystic ovary"
"PCOS","polycystic ovarian syndrome"
"PCP","Pneumocystis carinii pneumonia"
"PCP","primary care physician"
"PCR","patient care report"
"PCR","polymerase chain reaction"
"PCS","post-concussion syndrome"
"PCT","progesterone challenge test"
"PCV","packed cell volume"
"PCV","polycythemia vera"
"PCWP","pulmonary capillary wedge pressure"
"PD","Parkinson's disease"
"PD","peritoneal dialysis"
"PDA","patent ductus arteriosus"
"PDA","posterior descending artery"
"PDD","premenstrual dysphoric disorder"
"PDE","phosphodiesterase"
"PDGF","platelet-derived growth factor"
"PDR","Physicians' Desk Reference"
"PDT","photodynamic therapy"
"PDVT","postoperative deep-vein thrombosis"
"PE","pulmonary embolism"
"PE","pre-eclampsia"
"PE","physical examination"
"PEA","pulseless electrical activity"
"PEARL","pupils equal and reactive to light"
"PEB","cisplatin, etoposide, and bleomycin"
"PEEP","positive end expiratory pressure"
"PEF","peak expiratory flow"
"PEFR","peak expiratory flow rate"
"PEG","percutaneous endoscopic gastrostomy"
"PEM","protein/energy malnutrition"
"pen","penicillin"
"PEP","postexposure prophylaxis"
"PERRL","pupils equal, round, reactive to light"
"PERLA","pupils equal and reactive to light and accommodation"
"PERRLA","pupils equal, round, reactive to light and accommodation"
"Per Vag","per vagina"
"PET","positron-emission tomography"
"PFO","patent foramen ovale"
"PFT","pulmonary function test"
"PGCS","Paediatric Glasgow Coma Scale"
"PH","Pulmonary hypertension"
"PH","Past history"
"PHN","postherpetic neuralgia"
"PHP","Partial Hospitalization Program"
"PHQ","Patient Health Questionnaire"
"PHTLS","prehospital trauma life support"
"PI","present illness"
"PICC","peripherally inserted central catheter"
"PID","pelvic inflammatory disease"
"PID","prolapsed intervertibral disc"
"PIG-A","phosphatidyl inositol glycan A"
"PIH","pregnancy induced hypertension"
"PJS","Peutz-Jeghers syndrome"
"PK","protein kinase"
"PKA","protein kinase A"
"PKD","polycystic kidney disease"
"PKP","Penetrating Keratoplasty"
"PKU","phenylketonuria"
"PLAT","tissue plasminogen activator"
"PLIF","posterior lumbar interbody fusion"
"PLT","platelets"
"PM","post meridiem"
"PMB","post-menopausal bleeding"
"PMD","primary medical doctor"
"PMDD","premenstrual dysphoric disorder"
"PMH","past medical history"
"PMH","perimesencephalic subarachnoid hemorrhage"
"PMI","point of maximal impulse"
"PMI","point of maximal intensity"
"PML","polyoma virus"
"PML","progressive multifocal leukoencephalopathy"
"PMP","Pseudomyxoma peritonei"
"PMN","polymorphonuclear leukocytes"
"PMR","percutaneous myocardial revascularization"
"PM&R","physical medicine and rehabilitation"
"PMS","premenstrual syndrome"
"PNA","pneumonia"
"PNA","postnatal age"
"PND","paroxysmal nocturnal dyspnea"
"PND","postnasal drip"
"PNET","primitive neuroectodermal tumor"
"PNH","paroxysmal nocturnal hemoglobinuria"
"PNM","perinatal mortality"
"PNV","Prenatal vitamin"
"PO","by mouth"
"POA","Power of Attorney"
"POC","postoperative care"
"POC","products of conception"
"POC","Plan of Care"
"POD","postoperative days"
"poly","polymorphonuclear cells"
"PONV","postoperative nausea and vomiting"
"POP","pain on palpation"
"POP","Plaster of Paris"
"Post","posterior"
"POT","plan of treatment"
"POX","peroxidase"
"PP","pulse pressure"
"PP","postpartum"
"PPCS","prolonged post-concussion syndrome"
"PPD","packs per day"
"PPD","postpartum depression"
"PPD","purified protein derivative"
"PPF","posterior pharyngeal flap"
"PPH","postpartum haemorrhage"
"PPH","primary pulmonary hypertension"
"PPH","procedure for prolapse and hemorrhoids"
"PPI","proton pump inhibitor"
"PPROM","preterm premature rupture of membranes"
"PPS","post-polio syndrome"
"Ppt","precipitate"
"Ppt","precipitating"
"PPTL","postpartum tubal ligation"
"PPTP","Pediatric preclinical testing program"
"PPV","positive predictive value"
"PPx","prophylaxis"
"PR","prothrombin ratio"
"p.r.","per rectum"
"PRA","plasma renin activity"
"PRBC","packed red blood cells"
"PRBCs","packed red blood cells"
"PREA","Pediatric Research Equity Act"
"Preme","premature infant"
"Prep","preparation"
"PRES","Posterior reversible encephalopathy syndrome"
"PRIND","prolonged reversible ischemic neurologic deficit"
"PRL","prolactin"
"prn","as necessary"
"prn","as needed"
"PRN","as necessary"
"PRN","as needed"
"Prog","prognosis"
"PROM","premature rupture of membranes"
"PRP","panretinal photocoagulation"
"PRP","progressive rubella panencephalitis"
"PRV","polycythemia rubra vera"
"PSA","prostate-specific antigen"
"PBSO","Partial small bowel obstruction"
"PSC","Primary sclerosing cholangitis"
"PSGN","poststreptococcal glomerulonephritis"
"PSH","Past surgical history"
"PSH","psychosocial history"
"PSH","Past medical history"
"PSI","Pneumonia severity index"
"PSP","phenylsulphtalein"
"PSS","progressive systemic sclerosis"
"PSVT","paroxysmal supraventricular tachycardia"
"PT","prothrombin time"
"PT","physical therapy"
"Pt.","patient"
"PTA","percutaneous transluminal angioplasty"
"PTA","post-traumatic amnesia"
"PTA","prior to admission"
"PTB","pulmonary tuberculosis"
"PTC","percutaneous transhepatic cholangiography"
"PTCA","percutaneous transluminal coronary angioplasty"
"PTD","prior to discharge"
"PTD","preterm delivery"
"PTH","parathyroid hormone"
"PTHC","percutaneous transhepatic cholangiography"
"PTL","preterm labor"
"PTSD","posttraumatic stress disorder"
"PTSS","posttraumatic stress syndrome"
"PTT","partial thromboplastin time"
"PTU","propylthiouracil"
"PTx","pneumothorax"
"PUS","palindromic units"
"PUBS","percutaneous umbilical blood sample"
"PUD","peptic ulcer disease"
"PUO","pyrexia of unknown origin"
"PUVA","psoralen ultraviolet A"
"p.v.","per vagina"
"PVC","premature ventricular contraction"
"PVD","peripheral vascular disease"
"PVFS","post-viral fatigue syndrome"
"PVI","Peripheral Vascular Insufficiency"
"PVI","Pulmonary Vein Isolation"
"PVR","pulmonary vascular resistance"
"PVS","persistent vegetative state"
"PVS","pulmonary valve stenosis"
"PVS","Plummer-Vinson syndrome"
"PWP","pulmonary wedge pressure"
"Px","physical examination"
"px","physical examination"
"Px","prognosis"
"P-Y","pack-years"
"PZA","pyrazinamide"
"q","every"
"q","each"
"q2wk","once every 2 weeks"
"q6h","once every 6 hours"
"q.a.d.","every other day"
"QALY","quality-adjusted life year"
"q.AM","every day before noon"
"q.d.","each day"
"q.d.s.","four times each day"
"q.h.","each hour"
"q.h.s.","every bedtime"
"q.i.d.","four times each day"
"QIDS","Quick Inventory of Depressive Symptoms"
"q.l.","as much as you like"
"q.m.t.","every month"
"q.n.","every night"
"QNS","quantity not sufficient"
"q.n.s.","quantity not sufficient"
"q.o.d.","every other day"
"QOF","Quality and Outcomes Framework"
"q.o.h.","every other hour"
"q.s.","as much as suffices"
"qt","quart"
"q.v.","which see"
"q.v.","as much as you please"
"qw","weekly"
"qw","once a week"
"q.wk.","weekly"
"q.wk.","once a week"
"R","respiration"
"RA","refractory anemia"
"RA","rheumatoid arthritis"
"RA","right atrium"
"RA","room air"
"RAD","reflex anal dilatation"
"RAD","right axis deviation"
"Rad hys","radical hysterectomy"
"RAE","right atrial enlargement"
"RAI","radioactive iodine"
"RAIU","thyroid reactive iodine uptake"
"RAPD","relative afferent pupillary defect"
"RAS","renal artery stenosis"
"RATLH","Robotic assisted total laparoscopic hysterectomy"
"RATVH","Radical Total Vaginal Hysterectomy"
"RBBB","right bundle branch block"
"RBC","red blood cells"
"RBC","red blood count"
"RBE","relative biologic equivalent"
"RBLM","recurrent benign lymphocytic meningitis"
"RCA","right coronary artery"
"RCC","renal cell carcinoma"
"RCM","restrictive cardiomyopathy"
"RCM","right costal margin"
"RCR","rotator cuff repair"
"RCT","randomized controlled trial"
"RD","retinal detachment"
"RDS","respiratory distress syndrome"
"RDW","red cell distribution width"
"REI","Reproductive Endocrinology and Infertility"
"REM","rapid eye movement"
"REM","roentgen equivalent man"
"RF","rheumatoid factor"
"RF","rheumatic fever"
"RFLP","restriction fragment length polymorphism"
"RFT","renal function test"
"r/g/m","rubs/gallops/murmurs"
"Rh","rhesus factor"
"Rhabdo","Rhabdomyolysis"
"RHD","rheumatoid heart disease"
"RhF","rheumatoid factor"
"RIA","radioimmunoassay"
"RIBA","radioimmunoblotting assay"
"RICE","rest, ice, compression, and elevation"
"RIF","rifampin"
"RIMA","reversible inhibitor of monoamine oxidase A"
"RIND","reversible ischemic neurologic deficit"
"RL","Ringer's lactate"
"RLE","right lower extremity"
"RLL","right lower lobe"
"RLN","recurrent laryngeal nerve"
"RLN","regional lymph node"
"RLQ","right lower quadrant"
"R&M","Routine + microscopic"
"RML","right middle lobe"
"RMS","rhabdomyosarcoma"
"RMSF","rocky mountain spotted fever"
"RNA","ribonucleic acid"
"RNP","ribonucleoprotein"
"RNV","radionuclide ventriculography"
"RNY","Roux-en-Y anastomosis"
"R/O","rule out"
"ROA","right occipital anterior"
"ROM","range of motion"
"ROM","rupture of membranes"
"ROP","right occipital posterior"
"ROP","retinopathy of prematurity"
"ROS","review of systems"
"ROSC","return of spontaneous circulation"
"RPGN","rapidly progressing glomerulonephritis"
"RPLND","retroperitoneal lymph node dissection"
"RPR","rapid plasma reagin test"
"RR","respiratory rate"
"RRP","Recurrent Respiratory Papillomatosis"
"RRR","regular rate and rhythm"
"RS cell","Reed–Sternberg cell"
"RSB","Right sternal border"
"RSI","rapid sequence induction"
"RSV","respiratory syncytial virus"
"R/t","related to"
"RT","reverse transcriptase"
"RT-PCR","reverse transcriptase polymerase chain reaction"
"RTA","renal tubular acidosis"
"RTC","return to clinic"
"RTS","Revised Trauma Score"
"RTV","ritonavir"
"RUE","right upper extremity"
"RUL","right upper lobe"
"RUQ","right upper quadrant"
"RUTI","recurrent urinary tract infection"
"RV","residual volume"
"RV","right ventricle"
"RVAD","right ventricular assist device"
"RVF","right ventricular failure"
"RVH","right ventricular hypertrophy"
"RVR","rapid ventricular rate"
"RVSP","right ventricular systolic pressure"
"RVT","renal vein thrombosis"
"RXN","reaction"
"S","sacrum"
"S&O","salpingo-oophorectomy"
"SA","sinoatrial node"
"SAAG","serum–ascites albumin gradient"
"SAB","staphylococcal bacteremia"
"SAB","spontaneous abortion"
"SAD","seasonal affective disorder"
"SAD","subacromial decompression"
"SAH","subarachnoid hemorrhage"
"SAM","systolic anterior motion"
"SAN","sinoatrial node"
"SAPS II","simplified acute physiology score II"
"SAPS III","simplified acute physiology score III"
"SAR","seasonal allergic rhinitis"
"Sarc","sarcoidosis"
"SARS","severe acute respiratory syndrome"
"SB","small bowel"
"SBE","subacute bacterial endocarditis"
"SBFT","small bowel follow through"
"SBMA","spinal and bulbar muscular atrophy"
"SBO","small bowel obstruction"
"SBP","systolic blood pressure"
"SBP","spontaneous bacterial peritonitis"
"SBRT","split beam radiation therapy"
"SC","subcutaneous"
"SCA","spinocerebellar ataxia"
"SCAT","sex cord tumor with annular tubes"
"SCC","squamous cell carcinoma"
"SCD","sequential compression device"
"SCD","sickle-cell disease"
"SCD","sudden cardiac death"
"SCI","spinal cord injury"
"SCID","severe combined immunodeficiency"
"SCIWORA","spinal cord injury without radiographic abnormality"
"SCLC","small cell lung cancer"
"scope","microscope"
"scope","endoscope"
"SCT","sacrococcygeal tumor"
"S.D.","subdermal"
"SD","standard deviation"
"σ","standard deviation"
"SDH","subdural hematoma"
"SDTI","suspected deep tissue injury"
"SE","standard error"
"SE","side effect"
"Sed","sedimentation"
"SEE","syphilis elimination effort"
"Segs","segmented cells"
"SEM","standard error of the mean"
"SEM","systolic ejection murmur"
"SERM","selective estrogen receptor modulator"
"SERT","serotonin transporter"
"SFA","superficial femoral artery"
"SFA","serum folic acid"
"SGA","small for gestational age"
"SG cath","Swan–Ganz catheter"
"SG","specific gravity"
"SGB","stellate ganglion block"
"SGOT","serum glutamic oxaloacetic transaminase"
"SGPT","serum glutamic pyruvic transaminase"
"SH","social history"
"SHBG","sex hormone-binding globulin"
"shob","shortness of breath"
"SHPT","secondary hyperparathyroidism"
"SHx","surgical history"
"SI","International System of Units"
"SI","suicidal ideation"
"SI","seriously ill"
"SI","sacroiliac"
"SIADH","syndrome of inappropriate antidiuretic hormone"
"SICU","surgical intensive care unit"
"SIBO","small intestinal bacterial overgrowth"
"SID","once daily"
"SIDS","sudden infant death syndrome"
"SIL","squamous intraepithelial lesion"
"SIMV","synchronized intermittent mechanical ventilation"
"si op. sit","if needed"
"SIRS","systemic inflammatory response syndrome"
"SIT","stress inoculation training"
"SJS","Stevens–Johnson syndrome"
"SK","streptokinase"
"sl","sublingual"
"SLE","systemic lupus erythematosus"
"SLEV","St Louis virus"
"SLN","sentinel lymph node biopsy"
"SLNB","sentinel lymph node biopsy"
"SLR","straight leg raise"
"SLL","small lymphocytic lymphoma"
"SLP","speech-language pathologist"
"SM","multiple sclerosis"
"SM","submucosal"
"SMA","sequential multiple analysis"
"SMA-6","six-channel serum multiple analysis"
"SMA-7","serum metabolic assay"
"SMN","statement of medical necessity"
"SMS","senior medical student"
"SMT","spinal manipulative therapy"
"SMV","superior mesenteric vein"
"SN","student nurse"
"SN","skilled nursing"
"SNB","sentinel node biopsy"
"SNF","skilled nursing facility"
"SNP","sodium nitroprusside"
"SNP","single nucleotide polymorphism"
"SNRI","serotonin–norepinephrine reuptake inhibitor"
"SNV","sin nombre virus"
"SO","salpingo-oophoritis"
"SOA","swelling of ankles"
"SOAP","subjective, objective, assessment, plan"
"SOB","shortness of breath"
"SOBOE","shortness of breath on exertion"
"SOL","space-occupying lesion"
"Sol","solution"
"SOOB","send out of bed"
"SOOB","sitting out of bed"
"SOS","if needed"
"SP","status post"
"s/p","status post"
"SPE","streptococcal pyrogenic exotoxin"
"Spec","specimen"
"SPECT","single-photon emission computed tomography"
"SPEP","serum protein electrophoresis"
"SPET","single-photon emission tomography"
"Sp. fl.","spinal fluid"
"Sp. gr.","specific gravity"
"SPS","single point (walking) stick"
"SQ","subcutaneous"
"sq","subcutaneous"
"SR","slow release"
"SROM","spontaneous rupture of membranes"
"SRU","shock resuscitation unit"
"SS","hemoglobin SS"
"SS","subserosal"
"SS","Sjogren's Syndrome"
"S/S","signs and symptoms"
"S/Sx","signs and symptoms"
"SSC","secondary sex characteristics"
"SSE","sterile speculum exam"
"SSEP","somatosensory evoked potential"
"SSI","sliding scale insulin"
"SSKI","potassium iodide solution"
"SSPE","subacute sclerosing panencephalitis"
"ssRNA","single-stranded RNA"
"SSRI","selective serotonin reuptake inhibitor"
"SSSI","skin and skin structure infection"
"SSSS","staphylococcal scalded skin syndrome"
"SSS","sick sinus syndrome"
"ST","sore throat"
"ST","speech therapy"
"Staph.","Staphylococcus"
"STD","sexually transmitted disease"
"stat","immediately"
"STEC","Shiga toxin–producing Escherichia coli"
"STEMI","ST elevation myocardial infarction"
"STH","somatotropic hormone"
"STI","sexually transmitted infection"
"STI","soft tissue injury"
"STN","Subthalamic nucleus"
"STNR","Symmetrical tonic neck reflex"
"STOP","surgical termination of pregnancy"
"Strep.","Streptococcus"
"Strepto.","Streptococcus"
"STS","serological test for syphilis"
"STS","soft tissue sarcoma"
"Subq","subcutaneous"
"SUI","stress urinary incontinence"
"Supp","suppository"
"SUV","standardized uptake value"
"SV","seminal vesicle"
"SV","stroke volume"
"SVC","superior vena cava"
"SVD","spontaneous vaginal delivery"
"SVD","simple vertex delivery"
"SVE","sterile vaginal examination"
"SVG","Saphenous vein graft"
"SVI","systemic viral infection"
"SVN","small volume nebulizer"
"SVR","systemic vascular resistance"
"SVT","supraventricular tachycardia"
"SW","Sturge–Weber syndrome"
"Sx","symptoms"
"SXA","single-energy X-ray absorptiometer"
"SXR","skull x-ray"
"Sz","seizure"
"T","thoracic vertebrae"
"TA","temporal arteritis"
"T&A","tonsillectomy with adenoidectomy"
"T&C","type and cross-match"
"Tab","Tablet"
"TAB","therapeutic abortion"
"TAH","total abdominal hysterectomy"
"TAH-BSO","total abdominal hysterectomy with bilateral salpingo-oophorectomy"
"TAP","trypsinogen activation peptide"
"TAPVR","total anomalous pulmonary venous return"
"TAT","thematic apperception test"
"TB","tuberculosis"
"TBC","tuberculosis"
"TBC","total body crunch"
"TbEC","Enteric coated tablet"
"TBG","thyroid-binding globulin"
"TBI","to be intubated"
"TBI","total body irradiation"
"TBI","traumatic brain injury"
"TBLC","term birth living child"
"TC","traffic crash"
"TCA","tricyclic antidepressants"
"TCC","transitional cell carcinoma"
"TCM","traditional Chinese medicine"
"TCN","tetracycline"
"TCOM","Transcutaneous oxygen measurement"
"TCT","thrombin clotting time"
"T2DM","type 2 Diabetes mellitus"
"Td","tetanus and diphtheria"
"TDaP","tetanus, diphtheria, and acellular pertussis combined vaccine"
"TdP","Torsades de pointes"
"TDS","three times a day"
"TdT","terminal deoxynucleotidyl transferase"
"TD","Tardive dyskinesia"
"TE","tracheoesophageal"
"TEB","thoracic electrical bioimpedance"
"TEC","transient erythroblastopenia of childhood"
"TEE","transesophageal echocardiogram"
"TEF","tracheoesophageal fistula"
"TEM","transmission electron microscopy"
"Temp","temperature"
"TEN","toxic epidermal necrolysis"
"TENS","transcutaneous electrical nerve stimulator"
"TF","transfer"
"T/F","transfer"
"TFR","tumor volume to fetal weight ratio"
"TFTs","thyroid function tests"
"TGA","transposition of the great arteries"
"TG","triglycerides"
"Tg","thyroglobulin"
"TGF","tumor growth factor"
"TGV","transposition of the great vessels"
"T&H","type and hold"
"THR","total hip replacement"
"TIA","transient ischemic attack"
"TIBC","total iron-binding capacity"
"Tib-Fib","tibia and fibula"
"TID","three times a day"
"TIN","tubulointerstitial nephritis"
"TIPS","transjugular intrahepatic portosystemic shunt"
"TKA","total knee arthoplasty"
"TKO","to keep (vein) open"
"TKR","total knee replacement"
"TKVO","to keep vein open"
"TLA","three letter acronym"
"TLC","total lung capacity"
"TLC","total lymphocyte count"
"TLH","total laparoscopic hysterectomy"
"TLR","tonic labyrinthine reflex"
"TM","tympanic membrane"
"TME","total mesorectal excision"
"TNF","tumor necrosis factor"
"TMJ","temporomandibular joint"
"TNG","trinitroglycerin"
"TNM","tumor-nodes-metastases"
"TNTC","too numerous to count"
"TOA","tuboovarian abscess"
"TOC","test-of-cure"
"+TOC","positive test-of-cure"
"TOD","transoesophageal Doppler"
"TOE","transoesophageal echocardiogram"
"TOF","tetralogy of Fallot"
"TOP","termination of pregnancy"
"TOT","transobturator tape"
"TP","total protein"
"TPa","tissue plasminogen activator"
"TPN","total parenteral nutrition"
"TPR","temperature, pulse, respiration"
"TR","tricuspid regurgitation"
"Tr","tincture"
"TRAM","transverse rectus abdominis myocutaneous flap"
"TRAP","tartrate-resistant acid phosphatase"
"TRF","transfer"
"TRF'd","transferred"
"TRH","thyrotropin-releasing hormone"
"TRT","testosterone replacement therapy"
"TRUSP","Transrectal Ultrasonography of the Prostate"
"TRUSP","Transrectal Ultrasound of the Prostate"
"TS","tricuspid stenosis"
"Tsp","teaspoon"
"TSH","thyroid stimulating hormone"
"TSH","Thoughts of self-harm"
"TSHR-Ab","thyrotropin-receptor antibody"
"TSI","Thyroid Stimulating Immunoglobulin"
"T.S.T.H.","too sick to send home"
"TT","thrombin time"
"TTE","transthoracic echocardiogram"
"TTN","transient tachypnea of the newborn"
"TTO","to take out"
"TTP","thrombotic thrombocytopenic purpura"
"TTP","tender to palpation"
"TTR","transthyretin"
"TTS","transdermal therapeutic system"
"TTTS","twin-to-twin transfusion syndrome"
"Tu","tumor"
"TUBA","Trans-umbilical breast augmentation"
"TUIP","Transurethral incision of the prostate"
"TUMT","Transurethral microwave thermotherapy"
"TUNA","Transurethral needle ablation of the prostate"
"TUR","transurethral resection"
"TURBT","transurethral resection of bladder tumor"
"TURP","transurethral resection of the prostate"
"TVC","true vocal cord"
"TVH","transvaginal hysterectomy"
"TVT","tension-free vaginal tape"
"Tx","therapy"
"Tx","transplant"
"Tx","treatment"
"Txp","transport"
"UAE","Uterine Artery Embolization"
"UBT","urea breath test"
"UC","ulcerative colitis"
"UCHD","usual childhood diseases"
"UCTD","Undifferentiated connective tissue disease"
"UD","as directed"
"UDS","urine drug screening"
"UDS","Undifferentiated sarcoma"
"UE","upper extremity"
"U&E","urea and electrolytes"
"UFE","Uterine Fibroid Embolization"
"UIP","usual interstitial pneumonitis"
"UGI","upper gastrointestinal"
"ULN","upper limit of normal"
"UOP","urinary output"
"Ung","ointment"
"Unk","unknown"
"UPJ","ureteropelvic junction"
"URA","unilateral renal agenesis"
"URI","upper respiratory infection"
"URTI","upper respiratory tract infection"
"US","ultrasonogram"
"USG","ultrasonogram"
"USO","unilateral salpingo-oophorectomy"
"USP","United States Pharmacopeia"
"USR","unheated serum reagin"
"USS","ultrasound scan"
"UTI","urinary tract infection"
"UUS","upper uterine segment"
"UVAL","ultraviolet argon laser"
"V","ventilation"
"VA","visual acuity"
"VAC","vincristine, actinomycin D, and cyclophosphamide"
"VAD","ventricular assist device"
"VAD","vincristine, adriblastine, dexamethasone"
"Vag","vaginal"
"VAI","cincristine, actinomycin D, and ifosfamide"
"VAMP","vesicle-associated membrane protein"
"VAMP","vincristine, adriblastine, methylprednisone"
"VAS","vibroacoustic stimulation"
"VAS","visual analog scale"
"VBG","venous blood gases"
"VBAC","vaginal birth after caesarean"
"VC","vital capacity"
"VCTC","voluntary counselling and testing centers"
"vCJD","variant Creutzfeldt–Jakob disease"
"VCUG","voiding cystourethrogram"
"VD","vaginal delivery"
"VD","venereal disease"
"VD","volume of distribution"
"VDRF","ventilator-dependent respiratory failure"
"VDRL","Venereal Diseases Research Laboratory"
"VE","vaginal examination"
"VEB","ventricular ectopic beat"
"VED","Vacuum Erection Device"
"VEE","Venezuelan equine encephalitis"
"VF","ventricular fibrillation"
"V-fib","ventricular fibrillation"
"VH","visual hallucinations"
"VH","vaginal hysterectomy"
"VHL","Von Hippel–Lindau disease"
"VIN","vulvar intraepithelial neoplasia"
"VIR","Vascular Interventional Radiology"
"VIP","vasoactive intestinal peptide"
"VLDL","very-low-density lipoprotein"
"VMA","vanillylmandelic acid"
"VMA","violent mechanical asphyxia"
"VNPI","Van Nuys prognostic scoring index"
"VO","verbal order"
"VOC","vaso-occlusive crisis"
"VOD","volume of distribution"
"VPA","valproic acid"
"VPAP","variable positive airway pressure"
"VPB","ventricular premature beats"
"VPC","ventricular premature contraction"
"VPI","Velopharyngeal insufficiency"
"V/Q","ventilation/perfusion scan"
"VRE","vancomycin-resistant enterococcus"
"VRSA","vancomycin-resistant Staphylococcus aureus"
"VS","vital signs"
"VS","versus"
"VSD","ventricular septal defect"
"VSR","ventricular septal rupture"
"VSS","vital signs stable"
"VT","ventricular tachycardia"
"VT","verotoxin"
"VTE","venous thromboembolism"
"VTEC","verotoxin-producing Escherichia coli"
"VUR","vesicoureteral reflux"
"VWD","ventral wall defect"
"VWD","Von Willebrand disease"
"VWF","Von Willebrand factor"
"VZIG","varicella zoster immune globulin"
"VZV","varicella zoster virus"
"WAIS-R","Wechsler adult intelligence scale revised"
"WAP","wandering atrial pacemaker"
"WAS","Wiskott–Aldrich syndrome"
"WASP","Wiskott–Aldrich syndrome protein"
"WAT","white adipose tissue"
"WBAT","weight bearing as tolerated"
"WBC","white blood cell"
"WBC","white blood cell count"
"WBI","whole bowel irrigation"
"WBRT","whole-brain radiotherapy treatment"
"WC","white cells"
"WC","wheelchair"
"WC","water closet"
"W/C","wheelchair"
"WD","well developed"
"WDL","within defined limits"
"WH","well hydrated"
"WDWN","well developed and well nourished"
"WEE","Western equine encephalitis virus"
"WG","Wegener's granulomatosis"
"WISC-R","Wechsler intelligence scale for children revised"
"WLE","Wide local excision"
"WN","well nourished"
"WNL","within normal limits"
"WNL","we never looked"
"W/O","without"
"w/o","without"
"WOI","without incident"
"WPW","Wolff–Parkinson–White syndrome"
"WS","Waardenburg syndrome"
"WS","Warkany syndrome"
"WS","water-soluble"
"WS","Werner syndrome"
"WS","West syndrome"
"WS","Williams syndrome"
"WS","Wolfram syndrome"
"wt","weight"
"w/u","Workup"
"WWI","walking while intoxicated"
"WWI","World War I"
"X-AFP","extended alpha-fetoprotein"
"XR","extended release"
"XR","x-ray"
"XRT","radiotherapy used in cancer treatment"
"y","year(s)"
"YO","years old"
"yo","years old"
"y/o","years old"
"YPLL","years of potential life lost"
"YST","yolk sac tumor"
"yr","year(s)"
"ZD","zinc deficiency"
"ZDV","zidovudine"
"ZES","Zollinger–Ellison syndrome"
"ZIFT","zygote intrafallopian transfer"
"ZMC","Zygomatico-Maxillary Complex"
"Zn","zinc"